api_key,pin,name,value,date
TEY8OO5iafAV96gRKcZohbO6ED,V1,Nhiệt độ,25.3,2024-08-23 14:39:22
TEY8OO5iafAV96gRKcZohbO6ED,V1,Nhiệt độ,25.2,2024-08-23 14:34:22
TEY8OO5iafAV96gRKcZohbO6ED,V1,Nhiệt độ,26.1,2024-08-23 14:29:22
TEY8OO5iafAV96gRKcZohbO6ED,V1,Nhiệt độ,25.1,2024-08-23 14:24:22
TEY8OO5iafAV96gRKcZohbO6ED,V1,Nhiệt độ,25.5,2024-08-23 14:19:22
TEY8OO5iafAV96gRKcZohbO6ED,V1,Nhiệt độ,26.1,2024-08-23 14:14:22
TEY8OO5iafAV96gRKcZohbO6ED,V1,Nhiệt độ,26.0,2024-08-23 14:09:22
TEY8OO5iafAV96gRKcZohbO6ED,V1,Nhiệt độ,25.2,2024-08-23 14:04:22
TEY8OO5iafAV96gRKcZohbO6ED,V1,Nhiệt độ,25.8,2024-08-23 13:59:22
TEY8OO5iafAV96gRKcZohbO6ED,V1,Nhiệt độ,27.0,2024-08-23 13:54:22
TEY8OO5iafAV96gRKcZohbO6ED,V1,Nhiệt độ,25.3,2024-08-23 13:49:22
TEY8OO5iafAV96gRKcZohbO6ED,V1,Nhiệt độ,25.6,2024-08-23 13:44:22
TEY8OO5iafAV96gRKcZohbO6ED,V1,Nhiệt độ,26.2,2024-08-23 13:39:22
TEY8OO5iafAV96gRKcZohbO6ED,V1,Nhiệt độ,26.7,2024-08-23 13:34:22
TEY8OO5iafAV96gRKcZohbO6ED,V1,Nhiệt độ,26.9,2024-08-23 13:29:22
TEY8OO5iafAV96gRKcZohbO6ED,V1,Nhiệt độ,26.2,2024-08-23 13:24:22
TEY8OO5iafAV96gRKcZohbO6ED,V1,Nhiệt độ,25.3,2024-08-23 13:19:22
TEY8OO5iafAV96gRKcZohbO6ED,V1,Nhiệt độ,27.0,2024-08-23 13:14:22
TEY8OO5iafAV96gRKcZohbO6ED,V1,Nhiệt độ,25.8,2024-08-23 13:09:22
TEY8OO5iafAV96gRKcZohbO6ED,V1,Nhiệt độ,26.1,2024-08-23 13:04:22
TEY8OO5iafAV96gRKcZohbO6ED,V1,Nhiệt độ,25.0,2024-08-23 12:59:22
TEY8OO5iafAV96gRKcZohbO6ED,V1,Nhiệt độ,25.8,2024-08-23 12:54:22
TEY8OO5iafAV96gRKcZohbO6ED,V1,Nhiệt độ,25.2,2024-08-23 12:49:22
TEY8OO5iafAV96gRKcZohbO6ED,V1,Nhiệt độ,26.1,2024-08-23 12:44:22
TEY8OO5iafAV96gRKcZohbO6ED,V1,Nhiệt độ,25.0,2024-08-23 12:39:22
TEY8OO5iafAV96gRKcZohbO6ED,V1,Nhiệt độ,25.9,2024-08-23 12:34:22
TEY8OO5iafAV96gRKcZohbO6ED,V1,Nhiệt độ,26.4,2024-08-23 12:29:22
TEY8OO5iafAV96gRKcZohbO6ED,V1,Nhiệt độ,26.0,2024-08-23 12:24:22
TEY8OO5iafAV96gRKcZohbO6ED,V1,Nhiệt độ,25.8,2024-08-23 12:19:22
TEY8OO5iafAV96gRKcZohbO6ED,V1,Nhiệt độ,26.1,2024-08-23 12:14:22
TEY8OO5iafAV96gRKcZohbO6ED,V1,Nhiệt độ,26.9,2024-08-23 12:09:22
TEY8OO5iafAV96gRKcZohbO6ED,V1,Nhiệt độ,26.7,2024-08-23 12:04:22
TEY8OO5iafAV96gRKcZohbO6ED,V1,Nhiệt độ,26.2,2024-08-23 11:59:22
TEY8OO5iafAV96gRKcZohbO6ED,V1,Nhiệt độ,26.4,2024-08-23 11:54:22
TEY8OO5iafAV96gRKcZohbO6ED,V1,Nhiệt độ,25.8,2024-08-23 11:49:22
TEY8OO5iafAV96gRKcZohbO6ED,V1,Nhiệt độ,25.4,2024-08-23 11:44:22
TEY8OO5iafAV96gRKcZohbO6ED,V1,Nhiệt độ,25.7,2024-08-23 11:39:22
TEY8OO5iafAV96gRKcZohbO6ED,V1,Nhiệt độ,26.9,2024-08-23 11:34:22
TEY8OO5iafAV96gRKcZohbO6ED,V1,Nhiệt độ,27.0,2024-08-23 11:29:22
TEY8OO5iafAV96gRKcZohbO6ED,V1,Nhiệt độ,25.2,2024-08-23 11:24:22
TEY8OO5iafAV96gRKcZohbO6ED,V1,Nhiệt độ,25.6,2024-08-23 11:19:22
TEY8OO5iafAV96gRKcZohbO6ED,V1,Nhiệt độ,25.1,2024-08-23 11:14:22
TEY8OO5iafAV96gRKcZohbO6ED,V1,Nhiệt độ,25.5,2024-08-23 11:09:22
TEY8OO5iafAV96gRKcZohbO6ED,V1,Nhiệt độ,26.7,2024-08-23 11:04:22
TEY8OO5iafAV96gRKcZohbO6ED,V1,Nhiệt độ,25.5,2024-08-23 10:59:22
TEY8OO5iafAV96gRKcZohbO6ED,V1,Nhiệt độ,26.3,2024-08-23 10:54:22
TEY8OO5iafAV96gRKcZohbO6ED,V1,Nhiệt độ,25.8,2024-08-23 10:49:22
TEY8OO5iafAV96gRKcZohbO6ED,V1,Nhiệt độ,25.6,2024-08-23 10:44:22
TEY8OO5iafAV96gRKcZohbO6ED,V1,Nhiệt độ,26.3,2024-08-23 10:39:22
TEY8OO5iafAV96gRKcZohbO6ED,V1,Nhiệt độ,25.1,2024-08-23 10:34:22
TEY8OO5iafAV96gRKcZohbO6ED,V1,Nhiệt độ,26.1,2024-08-23 10:29:22
TEY8OO5iafAV96gRKcZohbO6ED,V1,Nhiệt độ,26.2,2024-08-23 10:24:22
TEY8OO5iafAV96gRKcZohbO6ED,V1,Nhiệt độ,26.4,2024-08-23 10:19:22
TEY8OO5iafAV96gRKcZohbO6ED,V1,Nhiệt độ,26.2,2024-08-23 10:14:22
TEY8OO5iafAV96gRKcZohbO6ED,V1,Nhiệt độ,26.0,2024-08-23 10:09:22
TEY8OO5iafAV96gRKcZohbO6ED,V1,Nhiệt độ,26.5,2024-08-23 10:04:22
TEY8OO5iafAV96gRKcZohbO6ED,V1,Nhiệt độ,26.9,2024-08-23 09:59:22
TEY8OO5iafAV96gRKcZohbO6ED,V1,Nhiệt độ,26.0,2024-08-23 09:54:22
TEY8OO5iafAV96gRKcZohbO6ED,V1,Nhiệt độ,26.4,2024-08-23 09:49:22
TEY8OO5iafAV96gRKcZohbO6ED,V1,Nhiệt độ,25.2,2024-08-23 09:44:22
TEY8OO5iafAV96gRKcZohbO6ED,V1,Nhiệt độ,26.3,2024-08-23 09:39:22
TEY8OO5iafAV96gRKcZohbO6ED,V1,Nhiệt độ,26.1,2024-08-23 09:34:22
TEY8OO5iafAV96gRKcZohbO6ED,V1,Nhiệt độ,26.5,2024-08-23 09:29:22
TEY8OO5iafAV96gRKcZohbO6ED,V1,Nhiệt độ,25.9,2024-08-23 09:24:22
TEY8OO5iafAV96gRKcZohbO6ED,V1,Nhiệt độ,26.0,2024-08-23 09:19:22
TEY8OO5iafAV96gRKcZohbO6ED,V1,Nhiệt độ,25.5,2024-08-23 09:14:22
TEY8OO5iafAV96gRKcZohbO6ED,V1,Nhiệt độ,26.0,2024-08-23 09:09:22
TEY8OO5iafAV96gRKcZohbO6ED,V1,Nhiệt độ,26.0,2024-08-23 09:04:22
TEY8OO5iafAV96gRKcZohbO6ED,V1,Nhiệt độ,25.7,2024-08-23 08:59:22
TEY8OO5iafAV96gRKcZohbO6ED,V1,Nhiệt độ,26.4,2024-08-23 08:54:22
TEY8OO5iafAV96gRKcZohbO6ED,V1,Nhiệt độ,26.1,2024-08-23 08:49:22
TEY8OO5iafAV96gRKcZohbO6ED,V1,Nhiệt độ,26.9,2024-08-23 08:44:22
TEY8OO5iafAV96gRKcZohbO6ED,V1,Nhiệt độ,25.4,2024-08-23 08:39:22
TEY8OO5iafAV96gRKcZohbO6ED,V1,Nhiệt độ,26.0,2024-08-23 08:34:22
TEY8OO5iafAV96gRKcZohbO6ED,V1,Nhiệt độ,26.0,2024-08-23 08:29:22
TEY8OO5iafAV96gRKcZohbO6ED,V1,Nhiệt độ,25.5,2024-08-23 08:24:22
TEY8OO5iafAV96gRKcZohbO6ED,V1,Nhiệt độ,25.0,2024-08-23 08:19:22
TEY8OO5iafAV96gRKcZohbO6ED,V1,Nhiệt độ,26.3,2024-08-23 08:14:22
TEY8OO5iafAV96gRKcZohbO6ED,V1,Nhiệt độ,25.5,2024-08-23 08:09:22
TEY8OO5iafAV96gRKcZohbO6ED,V1,Nhiệt độ,25.5,2024-08-23 08:04:22
TEY8OO5iafAV96gRKcZohbO6ED,V1,Nhiệt độ,26.5,2024-08-23 07:59:22
TEY8OO5iafAV96gRKcZohbO6ED,V1,Nhiệt độ,25.4,2024-08-23 07:54:22
TEY8OO5iafAV96gRKcZohbO6ED,V1,Nhiệt độ,25.5,2024-08-23 07:49:22
TEY8OO5iafAV96gRKcZohbO6ED,V1,Nhiệt độ,25.6,2024-08-23 07:44:22
TEY8OO5iafAV96gRKcZohbO6ED,V1,Nhiệt độ,26.1,2024-08-23 07:39:22
TEY8OO5iafAV96gRKcZohbO6ED,V1,Nhiệt độ,26.8,2024-08-23 07:34:22
TEY8OO5iafAV96gRKcZohbO6ED,V1,Nhiệt độ,25.9,2024-08-23 07:29:22
TEY8OO5iafAV96gRKcZohbO6ED,V1,Nhiệt độ,25.2,2024-08-23 07:24:22
TEY8OO5iafAV96gRKcZohbO6ED,V1,Nhiệt độ,26.3,2024-08-23 07:19:22
TEY8OO5iafAV96gRKcZohbO6ED,V1,Nhiệt độ,25.4,2024-08-23 07:14:22
TEY8OO5iafAV96gRKcZohbO6ED,V1,Nhiệt độ,26.5,2024-08-23 07:09:22
TEY8OO5iafAV96gRKcZohbO6ED,V1,Nhiệt độ,25.1,2024-08-23 07:04:22
TEY8OO5iafAV96gRKcZohbO6ED,V1,Nhiệt độ,25.4,2024-08-23 06:59:22
TEY8OO5iafAV96gRKcZohbO6ED,V1,Nhiệt độ,25.4,2024-08-23 06:54:22
TEY8OO5iafAV96gRKcZohbO6ED,V1,Nhiệt độ,26.9,2024-08-23 06:49:22
TEY8OO5iafAV96gRKcZohbO6ED,V1,Nhiệt độ,25.1,2024-08-23 06:44:22
TEY8OO5iafAV96gRKcZohbO6ED,V1,Nhiệt độ,25.0,2024-08-23 06:39:22
TEY8OO5iafAV96gRKcZohbO6ED,V1,Nhiệt độ,25.9,2024-08-23 06:34:22
TEY8OO5iafAV96gRKcZohbO6ED,V1,Nhiệt độ,27.0,2024-08-23 06:29:22
TEY8OO5iafAV96gRKcZohbO6ED,V1,Nhiệt độ,25.7,2024-08-23 06:24:22
TEY8OO5iafAV96gRKcZohbO6ED,V1,Nhiệt độ,25.8,2024-08-23 06:19:22
TEY8OO5iafAV96gRKcZohbO6ED,V1,Nhiệt độ,25.8,2024-08-23 06:14:22
TEY8OO5iafAV96gRKcZohbO6ED,V1,Nhiệt độ,25.3,2024-08-23 06:09:22
TEY8OO5iafAV96gRKcZohbO6ED,V1,Nhiệt độ,26.0,2024-08-23 06:04:22
TEY8OO5iafAV96gRKcZohbO6ED,V1,Nhiệt độ,25.6,2024-08-23 05:59:22
TEY8OO5iafAV96gRKcZohbO6ED,V1,Nhiệt độ,25.8,2024-08-23 05:54:22
TEY8OO5iafAV96gRKcZohbO6ED,V1,Nhiệt độ,25.0,2024-08-23 05:49:22
TEY8OO5iafAV96gRKcZohbO6ED,V1,Nhiệt độ,26.5,2024-08-23 05:44:22
TEY8OO5iafAV96gRKcZohbO6ED,V1,Nhiệt độ,25.3,2024-08-23 05:39:22
TEY8OO5iafAV96gRKcZohbO6ED,V1,Nhiệt độ,26.9,2024-08-23 05:34:22
TEY8OO5iafAV96gRKcZohbO6ED,V1,Nhiệt độ,26.5,2024-08-23 05:29:22
TEY8OO5iafAV96gRKcZohbO6ED,V1,Nhiệt độ,26.7,2024-08-23 05:24:22
TEY8OO5iafAV96gRKcZohbO6ED,V1,Nhiệt độ,25.7,2024-08-23 05:19:22
TEY8OO5iafAV96gRKcZohbO6ED,V1,Nhiệt độ,25.4,2024-08-23 05:14:22
TEY8OO5iafAV96gRKcZohbO6ED,V1,Nhiệt độ,25.1,2024-08-23 05:09:22
TEY8OO5iafAV96gRKcZohbO6ED,V1,Nhiệt độ,26.0,2024-08-23 05:04:22
TEY8OO5iafAV96gRKcZohbO6ED,V1,Nhiệt độ,25.2,2024-08-23 04:59:22
TEY8OO5iafAV96gRKcZohbO6ED,V1,Nhiệt độ,25.1,2024-08-23 04:54:22
TEY8OO5iafAV96gRKcZohbO6ED,V1,Nhiệt độ,25.5,2024-08-23 04:49:22
TEY8OO5iafAV96gRKcZohbO6ED,V1,Nhiệt độ,26.2,2024-08-23 04:44:22
TEY8OO5iafAV96gRKcZohbO6ED,V1,Nhiệt độ,25.6,2024-08-23 04:39:22
TEY8OO5iafAV96gRKcZohbO6ED,V1,Nhiệt độ,25.6,2024-08-23 04:34:22
TEY8OO5iafAV96gRKcZohbO6ED,V1,Nhiệt độ,26.2,2024-08-23 04:29:22
TEY8OO5iafAV96gRKcZohbO6ED,V1,Nhiệt độ,26.2,2024-08-23 04:24:22
TEY8OO5iafAV96gRKcZohbO6ED,V1,Nhiệt độ,26.9,2024-08-23 04:19:22
TEY8OO5iafAV96gRKcZohbO6ED,V1,Nhiệt độ,26.0,2024-08-23 04:14:22
TEY8OO5iafAV96gRKcZohbO6ED,V1,Nhiệt độ,25.2,2024-08-23 04:09:22
TEY8OO5iafAV96gRKcZohbO6ED,V1,Nhiệt độ,26.5,2024-08-23 04:04:22
TEY8OO5iafAV96gRKcZohbO6ED,V1,Nhiệt độ,25.3,2024-08-23 03:59:22
TEY8OO5iafAV96gRKcZohbO6ED,V1,Nhiệt độ,26.7,2024-08-23 03:54:22
TEY8OO5iafAV96gRKcZohbO6ED,V1,Nhiệt độ,26.5,2024-08-23 03:49:22
TEY8OO5iafAV96gRKcZohbO6ED,V1,Nhiệt độ,26.0,2024-08-23 03:44:22
TEY8OO5iafAV96gRKcZohbO6ED,V1,Nhiệt độ,27.0,2024-08-23 03:39:22
TEY8OO5iafAV96gRKcZohbO6ED,V1,Nhiệt độ,25.3,2024-08-23 03:34:22
TEY8OO5iafAV96gRKcZohbO6ED,V1,Nhiệt độ,25.6,2024-08-23 03:29:22
TEY8OO5iafAV96gRKcZohbO6ED,V1,Nhiệt độ,26.5,2024-08-23 03:24:22
TEY8OO5iafAV96gRKcZohbO6ED,V1,Nhiệt độ,26.4,2024-08-23 03:19:22
TEY8OO5iafAV96gRKcZohbO6ED,V1,Nhiệt độ,26.9,2024-08-23 03:14:22
TEY8OO5iafAV96gRKcZohbO6ED,V1,Nhiệt độ,25.4,2024-08-23 03:09:22
TEY8OO5iafAV96gRKcZohbO6ED,V1,Nhiệt độ,25.7,2024-08-23 03:04:22
TEY8OO5iafAV96gRKcZohbO6ED,V1,Nhiệt độ,25.3,2024-08-23 02:59:22
TEY8OO5iafAV96gRKcZohbO6ED,V1,Nhiệt độ,26.5,2024-08-23 02:54:22
TEY8OO5iafAV96gRKcZohbO6ED,V1,Nhiệt độ,25.5,2024-08-23 02:49:22
TEY8OO5iafAV96gRKcZohbO6ED,V1,Nhiệt độ,25.4,2024-08-23 02:44:22
TEY8OO5iafAV96gRKcZohbO6ED,V1,Nhiệt độ,25.7,2024-08-23 02:39:22
TEY8OO5iafAV96gRKcZohbO6ED,V1,Nhiệt độ,25.3,2024-08-23 02:34:22
TEY8OO5iafAV96gRKcZohbO6ED,V1,Nhiệt độ,25.6,2024-08-23 02:29:22
TEY8OO5iafAV96gRKcZohbO6ED,V1,Nhiệt độ,25.7,2024-08-23 02:24:22
TEY8OO5iafAV96gRKcZohbO6ED,V1,Nhiệt độ,26.3,2024-08-23 02:19:22
TEY8OO5iafAV96gRKcZohbO6ED,V1,Nhiệt độ,26.1,2024-08-23 02:14:22
TEY8OO5iafAV96gRKcZohbO6ED,V1,Nhiệt độ,26.4,2024-08-23 02:09:22
TEY8OO5iafAV96gRKcZohbO6ED,V1,Nhiệt độ,25.6,2024-08-23 02:04:22
TEY8OO5iafAV96gRKcZohbO6ED,V1,Nhiệt độ,26.0,2024-08-23 01:59:22
TEY8OO5iafAV96gRKcZohbO6ED,V1,Nhiệt độ,26.5,2024-08-23 01:54:22
TEY8OO5iafAV96gRKcZohbO6ED,V1,Nhiệt độ,26.1,2024-08-23 01:49:22
TEY8OO5iafAV96gRKcZohbO6ED,V1,Nhiệt độ,25.9,2024-08-23 01:44:22
TEY8OO5iafAV96gRKcZohbO6ED,V1,Nhiệt độ,25.7,2024-08-23 01:39:22
TEY8OO5iafAV96gRKcZohbO6ED,V1,Nhiệt độ,26.8,2024-08-23 01:34:22
TEY8OO5iafAV96gRKcZohbO6ED,V1,Nhiệt độ,26.7,2024-08-23 01:29:22
TEY8OO5iafAV96gRKcZohbO6ED,V1,Nhiệt độ,25.4,2024-08-23 01:24:22
TEY8OO5iafAV96gRKcZohbO6ED,V1,Nhiệt độ,25.3,2024-08-23 01:19:22
TEY8OO5iafAV96gRKcZohbO6ED,V1,Nhiệt độ,25.9,2024-08-23 01:14:22
TEY8OO5iafAV96gRKcZohbO6ED,V1,Nhiệt độ,25.7,2024-08-23 01:09:22
TEY8OO5iafAV96gRKcZohbO6ED,V1,Nhiệt độ,25.9,2024-08-23 01:04:22
TEY8OO5iafAV96gRKcZohbO6ED,V1,Nhiệt độ,25.7,2024-08-23 00:59:22
TEY8OO5iafAV96gRKcZohbO6ED,V1,Nhiệt độ,26.3,2024-08-23 00:54:22
TEY8OO5iafAV96gRKcZohbO6ED,V1,Nhiệt độ,26.8,2024-08-23 00:49:22
TEY8OO5iafAV96gRKcZohbO6ED,V1,Nhiệt độ,26.7,2024-08-23 00:44:22
TEY8OO5iafAV96gRKcZohbO6ED,V1,Nhiệt độ,25.4,2024-08-23 00:39:22
TEY8OO5iafAV96gRKcZohbO6ED,V1,Nhiệt độ,25.5,2024-08-23 00:34:22
TEY8OO5iafAV96gRKcZohbO6ED,V1,Nhiệt độ,25.2,2024-08-23 00:29:22
TEY8OO5iafAV96gRKcZohbO6ED,V1,Nhiệt độ,26.1,2024-08-23 00:24:22
TEY8OO5iafAV96gRKcZohbO6ED,V1,Nhiệt độ,25.7,2024-08-23 00:19:22
TEY8OO5iafAV96gRKcZohbO6ED,V1,Nhiệt độ,25.8,2024-08-23 00:14:22
TEY8OO5iafAV96gRKcZohbO6ED,V1,Nhiệt độ,25.1,2024-08-23 00:09:22
TEY8OO5iafAV96gRKcZohbO6ED,V1,Nhiệt độ,26.6,2024-08-23 00:04:22
TEY8OO5iafAV96gRKcZohbO6ED,V1,Nhiệt độ,26.9,2024-08-22 23:59:22
TEY8OO5iafAV96gRKcZohbO6ED,V1,Nhiệt độ,26.6,2024-08-22 23:54:22
TEY8OO5iafAV96gRKcZohbO6ED,V1,Nhiệt độ,26.5,2024-08-22 23:49:22
TEY8OO5iafAV96gRKcZohbO6ED,V1,Nhiệt độ,26.9,2024-08-22 23:44:22
TEY8OO5iafAV96gRKcZohbO6ED,V1,Nhiệt độ,26.0,2024-08-22 23:39:22
TEY8OO5iafAV96gRKcZohbO6ED,V1,Nhiệt độ,26.2,2024-08-22 23:34:22
TEY8OO5iafAV96gRKcZohbO6ED,V1,Nhiệt độ,26.1,2024-08-22 23:29:22
TEY8OO5iafAV96gRKcZohbO6ED,V1,Nhiệt độ,25.3,2024-08-22 23:24:22
TEY8OO5iafAV96gRKcZohbO6ED,V1,Nhiệt độ,25.2,2024-08-22 23:19:22
TEY8OO5iafAV96gRKcZohbO6ED,V1,Nhiệt độ,25.6,2024-08-22 23:14:22
TEY8OO5iafAV96gRKcZohbO6ED,V1,Nhiệt độ,26.1,2024-08-22 23:09:22
TEY8OO5iafAV96gRKcZohbO6ED,V1,Nhiệt độ,26.9,2024-08-22 23:04:22
TEY8OO5iafAV96gRKcZohbO6ED,V1,Nhiệt độ,26.0,2024-08-22 22:59:22
TEY8OO5iafAV96gRKcZohbO6ED,V1,Nhiệt độ,25.9,2024-08-22 22:54:22
TEY8OO5iafAV96gRKcZohbO6ED,V1,Nhiệt độ,25.4,2024-08-22 22:49:22
TEY8OO5iafAV96gRKcZohbO6ED,V1,Nhiệt độ,26.1,2024-08-22 22:44:22
TEY8OO5iafAV96gRKcZohbO6ED,V1,Nhiệt độ,27.0,2024-08-22 22:39:22
TEY8OO5iafAV96gRKcZohbO6ED,V1,Nhiệt độ,26.6,2024-08-22 22:34:22
TEY8OO5iafAV96gRKcZohbO6ED,V1,Nhiệt độ,26.4,2024-08-22 22:29:22
TEY8OO5iafAV96gRKcZohbO6ED,V1,Nhiệt độ,25.8,2024-08-22 22:24:22
TEY8OO5iafAV96gRKcZohbO6ED,V1,Nhiệt độ,26.7,2024-08-22 22:19:22
TEY8OO5iafAV96gRKcZohbO6ED,V1,Nhiệt độ,26.9,2024-08-22 22:14:22
TEY8OO5iafAV96gRKcZohbO6ED,V1,Nhiệt độ,25.2,2024-08-22 22:09:22
TEY8OO5iafAV96gRKcZohbO6ED,V1,Nhiệt độ,25.7,2024-08-22 22:04:22
TEY8OO5iafAV96gRKcZohbO6ED,V1,Nhiệt độ,25.6,2024-08-22 21:59:22
TEY8OO5iafAV96gRKcZohbO6ED,V1,Nhiệt độ,25.9,2024-08-22 21:54:22
TEY8OO5iafAV96gRKcZohbO6ED,V1,Nhiệt độ,25.1,2024-08-22 21:49:22
TEY8OO5iafAV96gRKcZohbO6ED,V1,Nhiệt độ,25.1,2024-08-22 21:44:22
TEY8OO5iafAV96gRKcZohbO6ED,V1,Nhiệt độ,25.1,2024-08-22 21:39:22
TEY8OO5iafAV96gRKcZohbO6ED,V1,Nhiệt độ,25.3,2024-08-22 21:34:22
TEY8OO5iafAV96gRKcZohbO6ED,V1,Nhiệt độ,25.3,2024-08-22 21:29:22
TEY8OO5iafAV96gRKcZohbO6ED,V1,Nhiệt độ,26.0,2024-08-22 21:24:22
TEY8OO5iafAV96gRKcZohbO6ED,V1,Nhiệt độ,26.0,2024-08-22 21:19:22
TEY8OO5iafAV96gRKcZohbO6ED,V1,Nhiệt độ,26.2,2024-08-22 21:14:22
TEY8OO5iafAV96gRKcZohbO6ED,V1,Nhiệt độ,25.7,2024-08-22 21:09:22
TEY8OO5iafAV96gRKcZohbO6ED,V1,Nhiệt độ,25.7,2024-08-22 21:04:22
TEY8OO5iafAV96gRKcZohbO6ED,V1,Nhiệt độ,25.1,2024-08-22 20:59:22
TEY8OO5iafAV96gRKcZohbO6ED,V1,Nhiệt độ,26.0,2024-08-22 20:54:22
TEY8OO5iafAV96gRKcZohbO6ED,V1,Nhiệt độ,26.8,2024-08-22 20:49:22
TEY8OO5iafAV96gRKcZohbO6ED,V1,Nhiệt độ,26.0,2024-08-22 20:44:22
TEY8OO5iafAV96gRKcZohbO6ED,V1,Nhiệt độ,25.9,2024-08-22 20:39:22
TEY8OO5iafAV96gRKcZohbO6ED,V1,Nhiệt độ,25.4,2024-08-22 20:34:22
TEY8OO5iafAV96gRKcZohbO6ED,V1,Nhiệt độ,26.2,2024-08-22 20:29:22
TEY8OO5iafAV96gRKcZohbO6ED,V1,Nhiệt độ,25.4,2024-08-22 20:24:22
TEY8OO5iafAV96gRKcZohbO6ED,V1,Nhiệt độ,25.8,2024-08-22 20:19:22
TEY8OO5iafAV96gRKcZohbO6ED,V1,Nhiệt độ,25.9,2024-08-22 20:14:22
TEY8OO5iafAV96gRKcZohbO6ED,V1,Nhiệt độ,25.9,2024-08-22 20:09:22
TEY8OO5iafAV96gRKcZohbO6ED,V1,Nhiệt độ,26.6,2024-08-22 20:04:22
TEY8OO5iafAV96gRKcZohbO6ED,V1,Nhiệt độ,26.6,2024-08-22 19:59:22
TEY8OO5iafAV96gRKcZohbO6ED,V1,Nhiệt độ,26.2,2024-08-22 19:54:22
TEY8OO5iafAV96gRKcZohbO6ED,V1,Nhiệt độ,25.3,2024-08-22 19:49:22
TEY8OO5iafAV96gRKcZohbO6ED,V1,Nhiệt độ,25.9,2024-08-22 19:44:22
TEY8OO5iafAV96gRKcZohbO6ED,V1,Nhiệt độ,26.7,2024-08-22 19:39:22
TEY8OO5iafAV96gRKcZohbO6ED,V1,Nhiệt độ,25.3,2024-08-22 19:34:22
TEY8OO5iafAV96gRKcZohbO6ED,V1,Nhiệt độ,25.8,2024-08-22 19:29:22
TEY8OO5iafAV96gRKcZohbO6ED,V1,Nhiệt độ,25.4,2024-08-22 19:24:22
TEY8OO5iafAV96gRKcZohbO6ED,V1,Nhiệt độ,25.1,2024-08-22 19:19:22
TEY8OO5iafAV96gRKcZohbO6ED,V1,Nhiệt độ,26.1,2024-08-22 19:14:22
TEY8OO5iafAV96gRKcZohbO6ED,V1,Nhiệt độ,26.0,2024-08-22 19:09:22
TEY8OO5iafAV96gRKcZohbO6ED,V1,Nhiệt độ,27.0,2024-08-22 19:04:22
TEY8OO5iafAV96gRKcZohbO6ED,V1,Nhiệt độ,25.8,2024-08-22 18:59:22
TEY8OO5iafAV96gRKcZohbO6ED,V1,Nhiệt độ,26.0,2024-08-22 18:54:22
TEY8OO5iafAV96gRKcZohbO6ED,V1,Nhiệt độ,25.2,2024-08-22 18:49:22
TEY8OO5iafAV96gRKcZohbO6ED,V1,Nhiệt độ,26.3,2024-08-22 18:44:22
TEY8OO5iafAV96gRKcZohbO6ED,V1,Nhiệt độ,25.1,2024-08-22 18:39:22
TEY8OO5iafAV96gRKcZohbO6ED,V1,Nhiệt độ,26.6,2024-08-22 18:34:22
TEY8OO5iafAV96gRKcZohbO6ED,V1,Nhiệt độ,25.3,2024-08-22 18:29:22
TEY8OO5iafAV96gRKcZohbO6ED,V1,Nhiệt độ,26.4,2024-08-22 18:24:22
TEY8OO5iafAV96gRKcZohbO6ED,V1,Nhiệt độ,26.6,2024-08-22 18:19:22
TEY8OO5iafAV96gRKcZohbO6ED,V1,Nhiệt độ,25.2,2024-08-22 18:14:22
TEY8OO5iafAV96gRKcZohbO6ED,V1,Nhiệt độ,25.7,2024-08-22 18:09:22
TEY8OO5iafAV96gRKcZohbO6ED,V1,Nhiệt độ,26.7,2024-08-22 18:04:22
TEY8OO5iafAV96gRKcZohbO6ED,V1,Nhiệt độ,26.5,2024-08-22 17:59:22
TEY8OO5iafAV96gRKcZohbO6ED,V1,Nhiệt độ,25.4,2024-08-22 17:54:22
TEY8OO5iafAV96gRKcZohbO6ED,V1,Nhiệt độ,25.0,2024-08-22 17:49:22
TEY8OO5iafAV96gRKcZohbO6ED,V1,Nhiệt độ,25.8,2024-08-22 17:44:22
TEY8OO5iafAV96gRKcZohbO6ED,V1,Nhiệt độ,26.4,2024-08-22 17:39:22
TEY8OO5iafAV96gRKcZohbO6ED,V1,Nhiệt độ,25.6,2024-08-22 17:34:22
TEY8OO5iafAV96gRKcZohbO6ED,V1,Nhiệt độ,25.8,2024-08-22 17:29:22
TEY8OO5iafAV96gRKcZohbO6ED,V1,Nhiệt độ,25.9,2024-08-22 17:24:22
TEY8OO5iafAV96gRKcZohbO6ED,V1,Nhiệt độ,26.2,2024-08-22 17:19:22
TEY8OO5iafAV96gRKcZohbO6ED,V1,Nhiệt độ,25.7,2024-08-22 17:14:22
TEY8OO5iafAV96gRKcZohbO6ED,V1,Nhiệt độ,26.1,2024-08-22 17:09:22
TEY8OO5iafAV96gRKcZohbO6ED,V1,Nhiệt độ,26.1,2024-08-22 17:04:22
TEY8OO5iafAV96gRKcZohbO6ED,V1,Nhiệt độ,25.1,2024-08-22 16:59:22
TEY8OO5iafAV96gRKcZohbO6ED,V1,Nhiệt độ,26.5,2024-08-22 16:54:22
TEY8OO5iafAV96gRKcZohbO6ED,V1,Nhiệt độ,26.4,2024-08-22 16:49:22
TEY8OO5iafAV96gRKcZohbO6ED,V1,Nhiệt độ,26.5,2024-08-22 16:44:22
TEY8OO5iafAV96gRKcZohbO6ED,V1,Nhiệt độ,25.3,2024-08-22 16:39:22
TEY8OO5iafAV96gRKcZohbO6ED,V1,Nhiệt độ,25.5,2024-08-22 16:34:22
TEY8OO5iafAV96gRKcZohbO6ED,V1,Nhiệt độ,26.0,2024-08-22 16:29:22
TEY8OO5iafAV96gRKcZohbO6ED,V1,Nhiệt độ,25.1,2024-08-22 16:24:22
TEY8OO5iafAV96gRKcZohbO6ED,V1,Nhiệt độ,25.6,2024-08-22 16:19:22
TEY8OO5iafAV96gRKcZohbO6ED,V1,Nhiệt độ,25.8,2024-08-22 16:14:22
TEY8OO5iafAV96gRKcZohbO6ED,V1,Nhiệt độ,26.2,2024-08-22 16:09:22
TEY8OO5iafAV96gRKcZohbO6ED,V1,Nhiệt độ,26.0,2024-08-22 16:04:22
TEY8OO5iafAV96gRKcZohbO6ED,V1,Nhiệt độ,25.6,2024-08-22 15:59:22
TEY8OO5iafAV96gRKcZohbO6ED,V1,Nhiệt độ,25.9,2024-08-22 15:54:22
TEY8OO5iafAV96gRKcZohbO6ED,V1,Nhiệt độ,26.6,2024-08-22 15:49:22
TEY8OO5iafAV96gRKcZohbO6ED,V1,Nhiệt độ,25.6,2024-08-22 15:44:22
TEY8OO5iafAV96gRKcZohbO6ED,V1,Nhiệt độ,26.6,2024-08-22 15:39:22
TEY8OO5iafAV96gRKcZohbO6ED,V1,Nhiệt độ,26.5,2024-08-22 15:34:22
TEY8OO5iafAV96gRKcZohbO6ED,V1,Nhiệt độ,25.1,2024-08-22 15:29:22
TEY8OO5iafAV96gRKcZohbO6ED,V1,Nhiệt độ,26.1,2024-08-22 15:24:22
TEY8OO5iafAV96gRKcZohbO6ED,V1,Nhiệt độ,25.2,2024-08-22 15:19:22
TEY8OO5iafAV96gRKcZohbO6ED,V1,Nhiệt độ,25.7,2024-08-22 15:14:22
TEY8OO5iafAV96gRKcZohbO6ED,V1,Nhiệt độ,26.9,2024-08-22 15:09:22
TEY8OO5iafAV96gRKcZohbO6ED,V1,Nhiệt độ,26.4,2024-08-22 15:04:22
TEY8OO5iafAV96gRKcZohbO6ED,V1,Nhiệt độ,25.0,2024-08-22 14:59:22
TEY8OO5iafAV96gRKcZohbO6ED,V1,Nhiệt độ,26.9,2024-08-22 14:54:22
TEY8OO5iafAV96gRKcZohbO6ED,V1,Nhiệt độ,26.9,2024-08-22 14:49:22
TEY8OO5iafAV96gRKcZohbO6ED,V1,Nhiệt độ,26.8,2024-08-22 14:44:22
TEY8OO5iafAV96gRKcZohbO6ED,V1,Nhiệt độ,26.1,2024-08-22 14:39:22
TEY8OO5iafAV96gRKcZohbO6ED,V1,Nhiệt độ,25.6,2024-08-22 14:34:22
TEY8OO5iafAV96gRKcZohbO6ED,V1,Nhiệt độ,25.6,2024-08-22 14:29:22
TEY8OO5iafAV96gRKcZohbO6ED,V1,Nhiệt độ,26.7,2024-08-22 14:24:22
TEY8OO5iafAV96gRKcZohbO6ED,V1,Nhiệt độ,26.9,2024-08-22 14:19:22
TEY8OO5iafAV96gRKcZohbO6ED,V1,Nhiệt độ,26.4,2024-08-22 14:14:22
TEY8OO5iafAV96gRKcZohbO6ED,V1,Nhiệt độ,25.9,2024-08-22 14:09:22
TEY8OO5iafAV96gRKcZohbO6ED,V1,Nhiệt độ,26.9,2024-08-22 14:04:22
TEY8OO5iafAV96gRKcZohbO6ED,V1,Nhiệt độ,25.1,2024-08-22 13:59:22
TEY8OO5iafAV96gRKcZohbO6ED,V1,Nhiệt độ,25.7,2024-08-22 13:54:22
TEY8OO5iafAV96gRKcZohbO6ED,V1,Nhiệt độ,25.2,2024-08-22 13:49:22
TEY8OO5iafAV96gRKcZohbO6ED,V1,Nhiệt độ,27.0,2024-08-22 13:44:22
TEY8OO5iafAV96gRKcZohbO6ED,V1,Nhiệt độ,26.5,2024-08-22 13:39:22
TEY8OO5iafAV96gRKcZohbO6ED,V1,Nhiệt độ,26.6,2024-08-22 13:34:22
TEY8OO5iafAV96gRKcZohbO6ED,V1,Nhiệt độ,25.9,2024-08-22 13:29:22
TEY8OO5iafAV96gRKcZohbO6ED,V1,Nhiệt độ,25.7,2024-08-22 13:24:22
TEY8OO5iafAV96gRKcZohbO6ED,V1,Nhiệt độ,26.7,2024-08-22 13:19:22
TEY8OO5iafAV96gRKcZohbO6ED,V1,Nhiệt độ,25.5,2024-08-22 13:14:22
TEY8OO5iafAV96gRKcZohbO6ED,V1,Nhiệt độ,27.0,2024-08-22 13:09:22
TEY8OO5iafAV96gRKcZohbO6ED,V1,Nhiệt độ,26.5,2024-08-22 13:04:22
TEY8OO5iafAV96gRKcZohbO6ED,V1,Nhiệt độ,25.3,2024-08-22 12:59:22
TEY8OO5iafAV96gRKcZohbO6ED,V1,Nhiệt độ,25.1,2024-08-22 12:54:22
TEY8OO5iafAV96gRKcZohbO6ED,V1,Nhiệt độ,26.2,2024-08-22 12:49:22
TEY8OO5iafAV96gRKcZohbO6ED,V1,Nhiệt độ,26.8,2024-08-22 12:44:22
TEY8OO5iafAV96gRKcZohbO6ED,V1,Nhiệt độ,25.1,2024-08-22 12:39:22
TEY8OO5iafAV96gRKcZohbO6ED,V1,Nhiệt độ,26.5,2024-08-22 12:34:22
TEY8OO5iafAV96gRKcZohbO6ED,V1,Nhiệt độ,25.1,2024-08-22 12:29:22
TEY8OO5iafAV96gRKcZohbO6ED,V1,Nhiệt độ,25.2,2024-08-22 12:24:22
TEY8OO5iafAV96gRKcZohbO6ED,V1,Nhiệt độ,26.1,2024-08-22 12:19:22
TEY8OO5iafAV96gRKcZohbO6ED,V1,Nhiệt độ,25.9,2024-08-22 12:14:22
TEY8OO5iafAV96gRKcZohbO6ED,V1,Nhiệt độ,26.4,2024-08-22 12:09:22
TEY8OO5iafAV96gRKcZohbO6ED,V1,Nhiệt độ,26.1,2024-08-22 12:04:22
TEY8OO5iafAV96gRKcZohbO6ED,V1,Nhiệt độ,26.5,2024-08-22 11:59:22
TEY8OO5iafAV96gRKcZohbO6ED,V1,Nhiệt độ,26.1,2024-08-22 11:54:22
TEY8OO5iafAV96gRKcZohbO6ED,V1,Nhiệt độ,26.9,2024-08-22 11:49:22
TEY8OO5iafAV96gRKcZohbO6ED,V1,Nhiệt độ,26.0,2024-08-22 11:44:22
TEY8OO5iafAV96gRKcZohbO6ED,V1,Nhiệt độ,26.5,2024-08-22 11:39:22
TEY8OO5iafAV96gRKcZohbO6ED,V1,Nhiệt độ,25.9,2024-08-22 11:34:22
TEY8OO5iafAV96gRKcZohbO6ED,V1,Nhiệt độ,25.2,2024-08-22 11:29:22
TEY8OO5iafAV96gRKcZohbO6ED,V1,Nhiệt độ,26.1,2024-08-22 11:24:22
TEY8OO5iafAV96gRKcZohbO6ED,V1,Nhiệt độ,26.7,2024-08-22 11:19:22
TEY8OO5iafAV96gRKcZohbO6ED,V1,Nhiệt độ,25.0,2024-08-22 11:14:22
TEY8OO5iafAV96gRKcZohbO6ED,V1,Nhiệt độ,26.5,2024-08-22 11:09:22
TEY8OO5iafAV96gRKcZohbO6ED,V1,Nhiệt độ,25.0,2024-08-22 11:04:22
TEY8OO5iafAV96gRKcZohbO6ED,V1,Nhiệt độ,26.7,2024-08-22 10:59:22
TEY8OO5iafAV96gRKcZohbO6ED,V1,Nhiệt độ,25.8,2024-08-22 10:54:22
TEY8OO5iafAV96gRKcZohbO6ED,V1,Nhiệt độ,26.1,2024-08-22 10:49:22
TEY8OO5iafAV96gRKcZohbO6ED,V1,Nhiệt độ,25.3,2024-08-22 10:44:22
TEY8OO5iafAV96gRKcZohbO6ED,V1,Nhiệt độ,25.4,2024-08-22 10:39:22
TEY8OO5iafAV96gRKcZohbO6ED,V1,Nhiệt độ,26.1,2024-08-22 10:34:22
TEY8OO5iafAV96gRKcZohbO6ED,V1,Nhiệt độ,26.4,2024-08-22 10:29:22
TEY8OO5iafAV96gRKcZohbO6ED,V1,Nhiệt độ,26.3,2024-08-22 10:24:22
TEY8OO5iafAV96gRKcZohbO6ED,V1,Nhiệt độ,25.9,2024-08-22 10:19:22
TEY8OO5iafAV96gRKcZohbO6ED,V1,Nhiệt độ,26.5,2024-08-22 10:14:22
TEY8OO5iafAV96gRKcZohbO6ED,V1,Nhiệt độ,26.4,2024-08-22 10:09:22
TEY8OO5iafAV96gRKcZohbO6ED,V1,Nhiệt độ,25.1,2024-08-22 10:04:22
TEY8OO5iafAV96gRKcZohbO6ED,V1,Nhiệt độ,26.0,2024-08-22 09:59:22
TEY8OO5iafAV96gRKcZohbO6ED,V1,Nhiệt độ,26.5,2024-08-22 09:54:22
TEY8OO5iafAV96gRKcZohbO6ED,V1,Nhiệt độ,26.6,2024-08-22 09:49:22
TEY8OO5iafAV96gRKcZohbO6ED,V1,Nhiệt độ,26.5,2024-08-22 09:44:22
TEY8OO5iafAV96gRKcZohbO6ED,V1,Nhiệt độ,25.1,2024-08-22 09:39:22
TEY8OO5iafAV96gRKcZohbO6ED,V1,Nhiệt độ,25.6,2024-08-22 09:34:22
TEY8OO5iafAV96gRKcZohbO6ED,V1,Nhiệt độ,26.1,2024-08-22 09:29:22
TEY8OO5iafAV96gRKcZohbO6ED,V1,Nhiệt độ,26.6,2024-08-22 09:24:22
TEY8OO5iafAV96gRKcZohbO6ED,V1,Nhiệt độ,26.5,2024-08-22 09:19:22
TEY8OO5iafAV96gRKcZohbO6ED,V1,Nhiệt độ,25.3,2024-08-22 09:14:22
TEY8OO5iafAV96gRKcZohbO6ED,V1,Nhiệt độ,26.4,2024-08-22 09:09:22
TEY8OO5iafAV96gRKcZohbO6ED,V1,Nhiệt độ,26.9,2024-08-22 09:04:22
TEY8OO5iafAV96gRKcZohbO6ED,V1,Nhiệt độ,26.5,2024-08-22 08:59:22
TEY8OO5iafAV96gRKcZohbO6ED,V1,Nhiệt độ,27.0,2024-08-22 08:54:22
TEY8OO5iafAV96gRKcZohbO6ED,V1,Nhiệt độ,25.3,2024-08-22 08:49:22
TEY8OO5iafAV96gRKcZohbO6ED,V1,Nhiệt độ,26.1,2024-08-22 08:44:22
TEY8OO5iafAV96gRKcZohbO6ED,V1,Nhiệt độ,25.1,2024-08-22 08:39:22
TEY8OO5iafAV96gRKcZohbO6ED,V1,Nhiệt độ,25.5,2024-08-22 08:34:22
TEY8OO5iafAV96gRKcZohbO6ED,V1,Nhiệt độ,25.0,2024-08-22 08:29:22
TEY8OO5iafAV96gRKcZohbO6ED,V1,Nhiệt độ,25.6,2024-08-22 08:24:22
TEY8OO5iafAV96gRKcZohbO6ED,V1,Nhiệt độ,25.8,2024-08-22 08:19:22
TEY8OO5iafAV96gRKcZohbO6ED,V1,Nhiệt độ,25.0,2024-08-22 08:14:22
TEY8OO5iafAV96gRKcZohbO6ED,V1,Nhiệt độ,26.9,2024-08-22 08:09:22
TEY8OO5iafAV96gRKcZohbO6ED,V1,Nhiệt độ,25.7,2024-08-22 08:04:22
TEY8OO5iafAV96gRKcZohbO6ED,V1,Nhiệt độ,26.3,2024-08-22 07:59:22
TEY8OO5iafAV96gRKcZohbO6ED,V1,Nhiệt độ,27.0,2024-08-22 07:54:22
TEY8OO5iafAV96gRKcZohbO6ED,V1,Nhiệt độ,26.0,2024-08-22 07:49:22
TEY8OO5iafAV96gRKcZohbO6ED,V1,Nhiệt độ,26.4,2024-08-22 07:44:22
TEY8OO5iafAV96gRKcZohbO6ED,V1,Nhiệt độ,25.4,2024-08-22 07:39:22
TEY8OO5iafAV96gRKcZohbO6ED,V1,Nhiệt độ,26.9,2024-08-22 07:34:22
TEY8OO5iafAV96gRKcZohbO6ED,V1,Nhiệt độ,25.4,2024-08-22 07:29:22
TEY8OO5iafAV96gRKcZohbO6ED,V1,Nhiệt độ,25.5,2024-08-22 07:24:22
TEY8OO5iafAV96gRKcZohbO6ED,V1,Nhiệt độ,25.7,2024-08-22 07:19:22
TEY8OO5iafAV96gRKcZohbO6ED,V1,Nhiệt độ,25.9,2024-08-22 07:14:22
TEY8OO5iafAV96gRKcZohbO6ED,V1,Nhiệt độ,25.9,2024-08-22 07:09:22
TEY8OO5iafAV96gRKcZohbO6ED,V1,Nhiệt độ,26.6,2024-08-22 07:04:22
TEY8OO5iafAV96gRKcZohbO6ED,V1,Nhiệt độ,25.8,2024-08-22 06:59:22
TEY8OO5iafAV96gRKcZohbO6ED,V1,Nhiệt độ,26.8,2024-08-22 06:54:22
TEY8OO5iafAV96gRKcZohbO6ED,V1,Nhiệt độ,25.9,2024-08-22 06:49:22
TEY8OO5iafAV96gRKcZohbO6ED,V1,Nhiệt độ,26.6,2024-08-22 06:44:22
TEY8OO5iafAV96gRKcZohbO6ED,V1,Nhiệt độ,25.7,2024-08-22 06:39:22
TEY8OO5iafAV96gRKcZohbO6ED,V1,Nhiệt độ,25.0,2024-08-22 06:34:22
TEY8OO5iafAV96gRKcZohbO6ED,V1,Nhiệt độ,25.1,2024-08-22 06:29:22
TEY8OO5iafAV96gRKcZohbO6ED,V1,Nhiệt độ,26.4,2024-08-22 06:24:22
TEY8OO5iafAV96gRKcZohbO6ED,V1,Nhiệt độ,25.6,2024-08-22 06:19:22
TEY8OO5iafAV96gRKcZohbO6ED,V1,Nhiệt độ,26.5,2024-08-22 06:14:22
TEY8OO5iafAV96gRKcZohbO6ED,V1,Nhiệt độ,25.6,2024-08-22 06:09:22
TEY8OO5iafAV96gRKcZohbO6ED,V1,Nhiệt độ,25.2,2024-08-22 06:04:22
TEY8OO5iafAV96gRKcZohbO6ED,V1,Nhiệt độ,25.3,2024-08-22 05:59:22
TEY8OO5iafAV96gRKcZohbO6ED,V1,Nhiệt độ,25.8,2024-08-22 05:54:22
TEY8OO5iafAV96gRKcZohbO6ED,V1,Nhiệt độ,25.8,2024-08-22 05:49:22
TEY8OO5iafAV96gRKcZohbO6ED,V1,Nhiệt độ,26.2,2024-08-22 05:44:22
TEY8OO5iafAV96gRKcZohbO6ED,V1,Nhiệt độ,25.7,2024-08-22 05:39:22
TEY8OO5iafAV96gRKcZohbO6ED,V1,Nhiệt độ,26.6,2024-08-22 05:34:22
TEY8OO5iafAV96gRKcZohbO6ED,V1,Nhiệt độ,25.8,2024-08-22 05:29:22
TEY8OO5iafAV96gRKcZohbO6ED,V1,Nhiệt độ,25.2,2024-08-22 05:24:22
TEY8OO5iafAV96gRKcZohbO6ED,V1,Nhiệt độ,25.2,2024-08-22 05:19:22
TEY8OO5iafAV96gRKcZohbO6ED,V1,Nhiệt độ,27.0,2024-08-22 05:14:22
TEY8OO5iafAV96gRKcZohbO6ED,V1,Nhiệt độ,25.1,2024-08-22 05:09:22
TEY8OO5iafAV96gRKcZohbO6ED,V1,Nhiệt độ,26.8,2024-08-22 05:04:22
TEY8OO5iafAV96gRKcZohbO6ED,V1,Nhiệt độ,25.2,2024-08-22 04:59:22
TEY8OO5iafAV96gRKcZohbO6ED,V1,Nhiệt độ,26.9,2024-08-22 04:54:22
TEY8OO5iafAV96gRKcZohbO6ED,V1,Nhiệt độ,26.0,2024-08-22 04:49:22
TEY8OO5iafAV96gRKcZohbO6ED,V1,Nhiệt độ,26.5,2024-08-22 04:44:22
TEY8OO5iafAV96gRKcZohbO6ED,V1,Nhiệt độ,26.3,2024-08-22 04:39:22
TEY8OO5iafAV96gRKcZohbO6ED,V1,Nhiệt độ,26.2,2024-08-22 04:34:22
TEY8OO5iafAV96gRKcZohbO6ED,V1,Nhiệt độ,26.8,2024-08-22 04:29:22
TEY8OO5iafAV96gRKcZohbO6ED,V1,Nhiệt độ,26.0,2024-08-22 04:24:22
TEY8OO5iafAV96gRKcZohbO6ED,V1,Nhiệt độ,26.1,2024-08-22 04:19:22
TEY8OO5iafAV96gRKcZohbO6ED,V1,Nhiệt độ,26.6,2024-08-22 04:14:22
TEY8OO5iafAV96gRKcZohbO6ED,V1,Nhiệt độ,26.0,2024-08-22 04:09:22
TEY8OO5iafAV96gRKcZohbO6ED,V1,Nhiệt độ,26.7,2024-08-22 04:04:22
TEY8OO5iafAV96gRKcZohbO6ED,V1,Nhiệt độ,26.9,2024-08-22 03:59:22
TEY8OO5iafAV96gRKcZohbO6ED,V1,Nhiệt độ,26.8,2024-08-22 03:54:22
TEY8OO5iafAV96gRKcZohbO6ED,V1,Nhiệt độ,25.8,2024-08-22 03:49:22
TEY8OO5iafAV96gRKcZohbO6ED,V1,Nhiệt độ,26.0,2024-08-22 03:44:22
TEY8OO5iafAV96gRKcZohbO6ED,V1,Nhiệt độ,25.7,2024-08-22 03:39:22
TEY8OO5iafAV96gRKcZohbO6ED,V1,Nhiệt độ,26.7,2024-08-22 03:34:22
TEY8OO5iafAV96gRKcZohbO6ED,V1,Nhiệt độ,25.5,2024-08-22 03:29:22
TEY8OO5iafAV96gRKcZohbO6ED,V1,Nhiệt độ,26.3,2024-08-22 03:24:22
TEY8OO5iafAV96gRKcZohbO6ED,V1,Nhiệt độ,26.5,2024-08-22 03:19:22
TEY8OO5iafAV96gRKcZohbO6ED,V1,Nhiệt độ,26.5,2024-08-22 03:14:22
TEY8OO5iafAV96gRKcZohbO6ED,V1,Nhiệt độ,26.6,2024-08-22 03:09:22
TEY8OO5iafAV96gRKcZohbO6ED,V1,Nhiệt độ,26.8,2024-08-22 03:04:22
TEY8OO5iafAV96gRKcZohbO6ED,V1,Nhiệt độ,25.3,2024-08-22 02:59:22
TEY8OO5iafAV96gRKcZohbO6ED,V1,Nhiệt độ,25.7,2024-08-22 02:54:22
TEY8OO5iafAV96gRKcZohbO6ED,V1,Nhiệt độ,25.3,2024-08-22 02:49:22
TEY8OO5iafAV96gRKcZohbO6ED,V1,Nhiệt độ,26.0,2024-08-22 02:44:22
TEY8OO5iafAV96gRKcZohbO6ED,V1,Nhiệt độ,25.3,2024-08-22 02:39:22
TEY8OO5iafAV96gRKcZohbO6ED,V1,Nhiệt độ,25.1,2024-08-22 02:34:22
TEY8OO5iafAV96gRKcZohbO6ED,V1,Nhiệt độ,25.5,2024-08-22 02:29:22
TEY8OO5iafAV96gRKcZohbO6ED,V1,Nhiệt độ,26.4,2024-08-22 02:24:22
TEY8OO5iafAV96gRKcZohbO6ED,V1,Nhiệt độ,26.2,2024-08-22 02:19:22
TEY8OO5iafAV96gRKcZohbO6ED,V1,Nhiệt độ,25.6,2024-08-22 02:14:22
TEY8OO5iafAV96gRKcZohbO6ED,V1,Nhiệt độ,26.8,2024-08-22 02:09:22
TEY8OO5iafAV96gRKcZohbO6ED,V1,Nhiệt độ,25.6,2024-08-22 02:04:22
TEY8OO5iafAV96gRKcZohbO6ED,V1,Nhiệt độ,25.2,2024-08-22 01:59:22
TEY8OO5iafAV96gRKcZohbO6ED,V1,Nhiệt độ,25.5,2024-08-22 01:54:22
TEY8OO5iafAV96gRKcZohbO6ED,V1,Nhiệt độ,26.1,2024-08-22 01:49:22
TEY8OO5iafAV96gRKcZohbO6ED,V1,Nhiệt độ,26.6,2024-08-22 01:44:22
TEY8OO5iafAV96gRKcZohbO6ED,V1,Nhiệt độ,26.1,2024-08-22 01:39:22
TEY8OO5iafAV96gRKcZohbO6ED,V1,Nhiệt độ,25.5,2024-08-22 01:34:22
TEY8OO5iafAV96gRKcZohbO6ED,V1,Nhiệt độ,26.7,2024-08-22 01:29:22
TEY8OO5iafAV96gRKcZohbO6ED,V1,Nhiệt độ,25.3,2024-08-22 01:24:22
TEY8OO5iafAV96gRKcZohbO6ED,V1,Nhiệt độ,25.7,2024-08-22 01:19:22
TEY8OO5iafAV96gRKcZohbO6ED,V1,Nhiệt độ,25.7,2024-08-22 01:14:22
TEY8OO5iafAV96gRKcZohbO6ED,V1,Nhiệt độ,25.1,2024-08-22 01:09:22
TEY8OO5iafAV96gRKcZohbO6ED,V1,Nhiệt độ,26.5,2024-08-22 01:04:22
TEY8OO5iafAV96gRKcZohbO6ED,V1,Nhiệt độ,25.4,2024-08-22 00:59:22
TEY8OO5iafAV96gRKcZohbO6ED,V1,Nhiệt độ,27.0,2024-08-22 00:54:22
TEY8OO5iafAV96gRKcZohbO6ED,V1,Nhiệt độ,25.4,2024-08-22 00:49:22
TEY8OO5iafAV96gRKcZohbO6ED,V1,Nhiệt độ,26.3,2024-08-22 00:44:22
TEY8OO5iafAV96gRKcZohbO6ED,V1,Nhiệt độ,26.4,2024-08-22 00:39:22
TEY8OO5iafAV96gRKcZohbO6ED,V1,Nhiệt độ,26.0,2024-08-22 00:34:22
TEY8OO5iafAV96gRKcZohbO6ED,V1,Nhiệt độ,25.9,2024-08-22 00:29:22
TEY8OO5iafAV96gRKcZohbO6ED,V1,Nhiệt độ,26.1,2024-08-22 00:24:22
TEY8OO5iafAV96gRKcZohbO6ED,V1,Nhiệt độ,26.7,2024-08-22 00:19:22
TEY8OO5iafAV96gRKcZohbO6ED,V1,Nhiệt độ,26.3,2024-08-22 00:14:22
TEY8OO5iafAV96gRKcZohbO6ED,V1,Nhiệt độ,26.5,2024-08-22 00:09:22
TEY8OO5iafAV96gRKcZohbO6ED,V1,Nhiệt độ,25.4,2024-08-22 00:04:22
TEY8OO5iafAV96gRKcZohbO6ED,V1,Nhiệt độ,26.4,2024-08-21 23:59:22
TEY8OO5iafAV96gRKcZohbO6ED,V1,Nhiệt độ,26.6,2024-08-21 23:54:22
TEY8OO5iafAV96gRKcZohbO6ED,V1,Nhiệt độ,26.4,2024-08-21 23:49:22
TEY8OO5iafAV96gRKcZohbO6ED,V1,Nhiệt độ,26.4,2024-08-21 23:44:22
TEY8OO5iafAV96gRKcZohbO6ED,V1,Nhiệt độ,25.7,2024-08-21 23:39:22
TEY8OO5iafAV96gRKcZohbO6ED,V1,Nhiệt độ,27.0,2024-08-21 23:34:22
TEY8OO5iafAV96gRKcZohbO6ED,V1,Nhiệt độ,26.2,2024-08-21 23:29:22
TEY8OO5iafAV96gRKcZohbO6ED,V1,Nhiệt độ,26.9,2024-08-21 23:24:22
TEY8OO5iafAV96gRKcZohbO6ED,V1,Nhiệt độ,25.6,2024-08-21 23:19:22
TEY8OO5iafAV96gRKcZohbO6ED,V1,Nhiệt độ,25.1,2024-08-21 23:14:22
TEY8OO5iafAV96gRKcZohbO6ED,V1,Nhiệt độ,26.3,2024-08-21 23:09:22
TEY8OO5iafAV96gRKcZohbO6ED,V1,Nhiệt độ,25.3,2024-08-21 23:04:22
TEY8OO5iafAV96gRKcZohbO6ED,V1,Nhiệt độ,26.1,2024-08-21 22:59:22
TEY8OO5iafAV96gRKcZohbO6ED,V1,Nhiệt độ,26.9,2024-08-21 22:54:22
TEY8OO5iafAV96gRKcZohbO6ED,V1,Nhiệt độ,25.9,2024-08-21 22:49:22
TEY8OO5iafAV96gRKcZohbO6ED,V1,Nhiệt độ,26.1,2024-08-21 22:44:22
TEY8OO5iafAV96gRKcZohbO6ED,V1,Nhiệt độ,25.1,2024-08-21 22:39:22
TEY8OO5iafAV96gRKcZohbO6ED,V1,Nhiệt độ,26.3,2024-08-21 22:34:22
TEY8OO5iafAV96gRKcZohbO6ED,V1,Nhiệt độ,25.4,2024-08-21 22:29:22
TEY8OO5iafAV96gRKcZohbO6ED,V1,Nhiệt độ,25.6,2024-08-21 22:24:22
TEY8OO5iafAV96gRKcZohbO6ED,V1,Nhiệt độ,26.7,2024-08-21 22:19:22
TEY8OO5iafAV96gRKcZohbO6ED,V1,Nhiệt độ,26.4,2024-08-21 22:14:22
TEY8OO5iafAV96gRKcZohbO6ED,V1,Nhiệt độ,26.2,2024-08-21 22:09:22
TEY8OO5iafAV96gRKcZohbO6ED,V1,Nhiệt độ,26.0,2024-08-21 22:04:22
TEY8OO5iafAV96gRKcZohbO6ED,V1,Nhiệt độ,25.9,2024-08-21 21:59:22
TEY8OO5iafAV96gRKcZohbO6ED,V1,Nhiệt độ,26.3,2024-08-21 21:54:22
TEY8OO5iafAV96gRKcZohbO6ED,V1,Nhiệt độ,26.4,2024-08-21 21:49:22
TEY8OO5iafAV96gRKcZohbO6ED,V1,Nhiệt độ,25.9,2024-08-21 21:44:22
TEY8OO5iafAV96gRKcZohbO6ED,V1,Nhiệt độ,26.5,2024-08-21 21:39:22
TEY8OO5iafAV96gRKcZohbO6ED,V1,Nhiệt độ,26.0,2024-08-21 21:34:22
TEY8OO5iafAV96gRKcZohbO6ED,V1,Nhiệt độ,25.2,2024-08-21 21:29:22
TEY8OO5iafAV96gRKcZohbO6ED,V1,Nhiệt độ,25.2,2024-08-21 21:24:22
TEY8OO5iafAV96gRKcZohbO6ED,V1,Nhiệt độ,25.7,2024-08-21 21:19:22
TEY8OO5iafAV96gRKcZohbO6ED,V1,Nhiệt độ,26.4,2024-08-21 21:14:22
TEY8OO5iafAV96gRKcZohbO6ED,V1,Nhiệt độ,26.8,2024-08-21 21:09:22
TEY8OO5iafAV96gRKcZohbO6ED,V1,Nhiệt độ,25.2,2024-08-21 21:04:22
TEY8OO5iafAV96gRKcZohbO6ED,V1,Nhiệt độ,25.3,2024-08-21 20:59:22
TEY8OO5iafAV96gRKcZohbO6ED,V1,Nhiệt độ,26.2,2024-08-21 20:54:22
TEY8OO5iafAV96gRKcZohbO6ED,V1,Nhiệt độ,25.1,2024-08-21 20:49:22
TEY8OO5iafAV96gRKcZohbO6ED,V1,Nhiệt độ,26.3,2024-08-21 20:44:22
TEY8OO5iafAV96gRKcZohbO6ED,V1,Nhiệt độ,26.4,2024-08-21 20:39:22
TEY8OO5iafAV96gRKcZohbO6ED,V1,Nhiệt độ,25.1,2024-08-21 20:34:22
TEY8OO5iafAV96gRKcZohbO6ED,V1,Nhiệt độ,27.0,2024-08-21 20:29:22
TEY8OO5iafAV96gRKcZohbO6ED,V1,Nhiệt độ,26.4,2024-08-21 20:24:22
TEY8OO5iafAV96gRKcZohbO6ED,V1,Nhiệt độ,27.0,2024-08-21 20:19:22
TEY8OO5iafAV96gRKcZohbO6ED,V1,Nhiệt độ,26.4,2024-08-21 20:14:22
TEY8OO5iafAV96gRKcZohbO6ED,V1,Nhiệt độ,27.0,2024-08-21 20:09:22
TEY8OO5iafAV96gRKcZohbO6ED,V1,Nhiệt độ,25.3,2024-08-21 20:04:22
TEY8OO5iafAV96gRKcZohbO6ED,V1,Nhiệt độ,26.6,2024-08-21 19:59:22
TEY8OO5iafAV96gRKcZohbO6ED,V1,Nhiệt độ,25.2,2024-08-21 19:54:22
TEY8OO5iafAV96gRKcZohbO6ED,V1,Nhiệt độ,26.6,2024-08-21 19:49:22
TEY8OO5iafAV96gRKcZohbO6ED,V1,Nhiệt độ,26.1,2024-08-21 19:44:22
TEY8OO5iafAV96gRKcZohbO6ED,V1,Nhiệt độ,25.0,2024-08-21 19:39:22
TEY8OO5iafAV96gRKcZohbO6ED,V1,Nhiệt độ,25.6,2024-08-21 19:34:22
TEY8OO5iafAV96gRKcZohbO6ED,V1,Nhiệt độ,25.4,2024-08-21 19:29:22
TEY8OO5iafAV96gRKcZohbO6ED,V1,Nhiệt độ,26.6,2024-08-21 19:24:22
TEY8OO5iafAV96gRKcZohbO6ED,V1,Nhiệt độ,26.5,2024-08-21 19:19:22
TEY8OO5iafAV96gRKcZohbO6ED,V1,Nhiệt độ,26.1,2024-08-21 19:14:22
TEY8OO5iafAV96gRKcZohbO6ED,V1,Nhiệt độ,26.5,2024-08-21 19:09:22
TEY8OO5iafAV96gRKcZohbO6ED,V1,Nhiệt độ,25.5,2024-08-21 19:04:22
TEY8OO5iafAV96gRKcZohbO6ED,V1,Nhiệt độ,26.9,2024-08-21 18:59:22
TEY8OO5iafAV96gRKcZohbO6ED,V1,Nhiệt độ,26.9,2024-08-21 18:54:22
TEY8OO5iafAV96gRKcZohbO6ED,V1,Nhiệt độ,25.5,2024-08-21 18:49:22
TEY8OO5iafAV96gRKcZohbO6ED,V1,Nhiệt độ,25.7,2024-08-21 18:44:22
TEY8OO5iafAV96gRKcZohbO6ED,V1,Nhiệt độ,26.2,2024-08-21 18:39:22
TEY8OO5iafAV96gRKcZohbO6ED,V1,Nhiệt độ,25.6,2024-08-21 18:34:22
TEY8OO5iafAV96gRKcZohbO6ED,V1,Nhiệt độ,25.0,2024-08-21 18:29:22
TEY8OO5iafAV96gRKcZohbO6ED,V1,Nhiệt độ,25.0,2024-08-21 18:24:22
TEY8OO5iafAV96gRKcZohbO6ED,V1,Nhiệt độ,25.2,2024-08-21 18:19:22
TEY8OO5iafAV96gRKcZohbO6ED,V1,Nhiệt độ,25.2,2024-08-21 18:14:22
TEY8OO5iafAV96gRKcZohbO6ED,V1,Nhiệt độ,25.0,2024-08-21 18:09:22
TEY8OO5iafAV96gRKcZohbO6ED,V1,Nhiệt độ,26.0,2024-08-21 18:04:22
TEY8OO5iafAV96gRKcZohbO6ED,V1,Nhiệt độ,26.5,2024-08-21 17:59:22
TEY8OO5iafAV96gRKcZohbO6ED,V1,Nhiệt độ,25.0,2024-08-21 17:54:22
TEY8OO5iafAV96gRKcZohbO6ED,V1,Nhiệt độ,26.8,2024-08-21 17:49:22
TEY8OO5iafAV96gRKcZohbO6ED,V1,Nhiệt độ,25.2,2024-08-21 17:44:22
TEY8OO5iafAV96gRKcZohbO6ED,V1,Nhiệt độ,25.2,2024-08-21 17:39:22
TEY8OO5iafAV96gRKcZohbO6ED,V1,Nhiệt độ,26.2,2024-08-21 17:34:22
TEY8OO5iafAV96gRKcZohbO6ED,V1,Nhiệt độ,25.1,2024-08-21 17:29:22
TEY8OO5iafAV96gRKcZohbO6ED,V1,Nhiệt độ,26.8,2024-08-21 17:24:22
TEY8OO5iafAV96gRKcZohbO6ED,V1,Nhiệt độ,26.1,2024-08-21 17:19:22
TEY8OO5iafAV96gRKcZohbO6ED,V1,Nhiệt độ,25.9,2024-08-21 17:14:22
TEY8OO5iafAV96gRKcZohbO6ED,V1,Nhiệt độ,25.9,2024-08-21 17:09:22
TEY8OO5iafAV96gRKcZohbO6ED,V1,Nhiệt độ,25.2,2024-08-21 17:04:22
TEY8OO5iafAV96gRKcZohbO6ED,V1,Nhiệt độ,25.7,2024-08-21 16:59:22
TEY8OO5iafAV96gRKcZohbO6ED,V1,Nhiệt độ,26.0,2024-08-21 16:54:22
TEY8OO5iafAV96gRKcZohbO6ED,V1,Nhiệt độ,26.6,2024-08-21 16:49:22
TEY8OO5iafAV96gRKcZohbO6ED,V1,Nhiệt độ,25.5,2024-08-21 16:44:22
TEY8OO5iafAV96gRKcZohbO6ED,V1,Nhiệt độ,26.0,2024-08-21 16:39:22
TEY8OO5iafAV96gRKcZohbO6ED,V1,Nhiệt độ,25.5,2024-08-21 16:34:22
TEY8OO5iafAV96gRKcZohbO6ED,V1,Nhiệt độ,25.6,2024-08-21 16:29:22
TEY8OO5iafAV96gRKcZohbO6ED,V1,Nhiệt độ,26.9,2024-08-21 16:24:22
TEY8OO5iafAV96gRKcZohbO6ED,V1,Nhiệt độ,25.4,2024-08-21 16:19:22
TEY8OO5iafAV96gRKcZohbO6ED,V1,Nhiệt độ,25.3,2024-08-21 16:14:22
TEY8OO5iafAV96gRKcZohbO6ED,V1,Nhiệt độ,26.4,2024-08-21 16:09:22
TEY8OO5iafAV96gRKcZohbO6ED,V1,Nhiệt độ,25.1,2024-08-21 16:04:22
TEY8OO5iafAV96gRKcZohbO6ED,V1,Nhiệt độ,25.1,2024-08-21 15:59:22
TEY8OO5iafAV96gRKcZohbO6ED,V1,Nhiệt độ,25.5,2024-08-21 15:54:22
TEY8OO5iafAV96gRKcZohbO6ED,V1,Nhiệt độ,25.3,2024-08-21 15:49:22
TEY8OO5iafAV96gRKcZohbO6ED,V1,Nhiệt độ,25.9,2024-08-21 15:44:22
TEY8OO5iafAV96gRKcZohbO6ED,V1,Nhiệt độ,25.2,2024-08-21 15:39:22
TEY8OO5iafAV96gRKcZohbO6ED,V1,Nhiệt độ,25.9,2024-08-21 15:34:22
TEY8OO5iafAV96gRKcZohbO6ED,V1,Nhiệt độ,26.8,2024-08-21 15:29:22
TEY8OO5iafAV96gRKcZohbO6ED,V1,Nhiệt độ,26.7,2024-08-21 15:24:22
TEY8OO5iafAV96gRKcZohbO6ED,V1,Nhiệt độ,25.5,2024-08-21 15:19:22
TEY8OO5iafAV96gRKcZohbO6ED,V1,Nhiệt độ,25.6,2024-08-21 15:14:22
TEY8OO5iafAV96gRKcZohbO6ED,V1,Nhiệt độ,26.4,2024-08-21 15:09:22
TEY8OO5iafAV96gRKcZohbO6ED,V1,Nhiệt độ,25.5,2024-08-21 15:04:22
TEY8OO5iafAV96gRKcZohbO6ED,V1,Nhiệt độ,26.3,2024-08-21 14:59:22
TEY8OO5iafAV96gRKcZohbO6ED,V1,Nhiệt độ,26.0,2024-08-21 14:54:22
TEY8OO5iafAV96gRKcZohbO6ED,V1,Nhiệt độ,26.7,2024-08-21 14:49:22
TEY8OO5iafAV96gRKcZohbO6ED,V1,Nhiệt độ,25.3,2024-08-21 14:44:22
TEY8OO5iafAV96gRKcZohbO6ED,V1,Nhiệt độ,25.7,2024-08-21 14:39:22
TEY8OO5iafAV96gRKcZohbO6ED,V1,Nhiệt độ,25.7,2024-08-21 14:34:22
TEY8OO5iafAV96gRKcZohbO6ED,V1,Nhiệt độ,26.1,2024-08-21 14:29:22
TEY8OO5iafAV96gRKcZohbO6ED,V1,Nhiệt độ,26.4,2024-08-21 14:24:22
TEY8OO5iafAV96gRKcZohbO6ED,V1,Nhiệt độ,26.9,2024-08-21 14:19:22
TEY8OO5iafAV96gRKcZohbO6ED,V1,Nhiệt độ,26.1,2024-08-21 14:14:22
TEY8OO5iafAV96gRKcZohbO6ED,V1,Nhiệt độ,26.4,2024-08-21 14:09:22
TEY8OO5iafAV96gRKcZohbO6ED,V1,Nhiệt độ,25.9,2024-08-21 14:04:22
TEY8OO5iafAV96gRKcZohbO6ED,V1,Nhiệt độ,26.3,2024-08-21 13:59:22
TEY8OO5iafAV96gRKcZohbO6ED,V1,Nhiệt độ,25.4,2024-08-21 13:54:22
TEY8OO5iafAV96gRKcZohbO6ED,V1,Nhiệt độ,26.5,2024-08-21 13:49:22
TEY8OO5iafAV96gRKcZohbO6ED,V1,Nhiệt độ,25.9,2024-08-21 13:44:22
TEY8OO5iafAV96gRKcZohbO6ED,V1,Nhiệt độ,26.4,2024-08-21 13:39:22
TEY8OO5iafAV96gRKcZohbO6ED,V1,Nhiệt độ,25.7,2024-08-21 13:34:22
TEY8OO5iafAV96gRKcZohbO6ED,V1,Nhiệt độ,26.5,2024-08-21 13:29:22
TEY8OO5iafAV96gRKcZohbO6ED,V1,Nhiệt độ,25.9,2024-08-21 13:24:22
TEY8OO5iafAV96gRKcZohbO6ED,V1,Nhiệt độ,25.4,2024-08-21 13:19:22
TEY8OO5iafAV96gRKcZohbO6ED,V1,Nhiệt độ,26.2,2024-08-21 13:14:22
TEY8OO5iafAV96gRKcZohbO6ED,V1,Nhiệt độ,26.2,2024-08-21 13:09:22
TEY8OO5iafAV96gRKcZohbO6ED,V1,Nhiệt độ,25.0,2024-08-21 13:04:22
TEY8OO5iafAV96gRKcZohbO6ED,V1,Nhiệt độ,26.8,2024-08-21 12:59:22
TEY8OO5iafAV96gRKcZohbO6ED,V1,Nhiệt độ,25.2,2024-08-21 12:54:22
TEY8OO5iafAV96gRKcZohbO6ED,V1,Nhiệt độ,26.9,2024-08-21 12:49:22
TEY8OO5iafAV96gRKcZohbO6ED,V1,Nhiệt độ,25.1,2024-08-21 12:44:22
TEY8OO5iafAV96gRKcZohbO6ED,V1,Nhiệt độ,26.3,2024-08-21 12:39:22
TEY8OO5iafAV96gRKcZohbO6ED,V1,Nhiệt độ,26.9,2024-08-21 12:34:22
TEY8OO5iafAV96gRKcZohbO6ED,V1,Nhiệt độ,26.9,2024-08-21 12:29:22
TEY8OO5iafAV96gRKcZohbO6ED,V1,Nhiệt độ,26.8,2024-08-21 12:24:22
TEY8OO5iafAV96gRKcZohbO6ED,V1,Nhiệt độ,25.9,2024-08-21 12:19:22
TEY8OO5iafAV96gRKcZohbO6ED,V1,Nhiệt độ,26.8,2024-08-21 12:14:22
TEY8OO5iafAV96gRKcZohbO6ED,V1,Nhiệt độ,26.6,2024-08-21 12:09:22
TEY8OO5iafAV96gRKcZohbO6ED,V1,Nhiệt độ,25.4,2024-08-21 12:04:22
TEY8OO5iafAV96gRKcZohbO6ED,V1,Nhiệt độ,25.1,2024-08-21 11:59:22
TEY8OO5iafAV96gRKcZohbO6ED,V1,Nhiệt độ,26.6,2024-08-21 11:54:22
TEY8OO5iafAV96gRKcZohbO6ED,V1,Nhiệt độ,25.0,2024-08-21 11:49:22
TEY8OO5iafAV96gRKcZohbO6ED,V1,Nhiệt độ,26.4,2024-08-21 11:44:22
TEY8OO5iafAV96gRKcZohbO6ED,V1,Nhiệt độ,25.3,2024-08-21 11:39:22
TEY8OO5iafAV96gRKcZohbO6ED,V1,Nhiệt độ,26.8,2024-08-21 11:34:22
TEY8OO5iafAV96gRKcZohbO6ED,V1,Nhiệt độ,25.1,2024-08-21 11:29:22
TEY8OO5iafAV96gRKcZohbO6ED,V1,Nhiệt độ,26.7,2024-08-21 11:24:22
TEY8OO5iafAV96gRKcZohbO6ED,V1,Nhiệt độ,25.8,2024-08-21 11:19:22
TEY8OO5iafAV96gRKcZohbO6ED,V1,Nhiệt độ,26.1,2024-08-21 11:14:22
TEY8OO5iafAV96gRKcZohbO6ED,V1,Nhiệt độ,25.5,2024-08-21 11:09:22
TEY8OO5iafAV96gRKcZohbO6ED,V1,Nhiệt độ,25.3,2024-08-21 11:04:22
TEY8OO5iafAV96gRKcZohbO6ED,V1,Nhiệt độ,25.9,2024-08-21 10:59:22
TEY8OO5iafAV96gRKcZohbO6ED,V1,Nhiệt độ,25.9,2024-08-21 10:54:22
TEY8OO5iafAV96gRKcZohbO6ED,V1,Nhiệt độ,25.0,2024-08-21 10:49:22
TEY8OO5iafAV96gRKcZohbO6ED,V1,Nhiệt độ,26.9,2024-08-21 10:44:22
TEY8OO5iafAV96gRKcZohbO6ED,V1,Nhiệt độ,25.3,2024-08-21 10:39:22
TEY8OO5iafAV96gRKcZohbO6ED,V1,Nhiệt độ,25.9,2024-08-21 10:34:22
TEY8OO5iafAV96gRKcZohbO6ED,V1,Nhiệt độ,26.1,2024-08-21 10:29:22
TEY8OO5iafAV96gRKcZohbO6ED,V1,Nhiệt độ,26.5,2024-08-21 10:24:22
TEY8OO5iafAV96gRKcZohbO6ED,V1,Nhiệt độ,25.2,2024-08-21 10:19:22
TEY8OO5iafAV96gRKcZohbO6ED,V1,Nhiệt độ,26.1,2024-08-21 10:14:22
TEY8OO5iafAV96gRKcZohbO6ED,V1,Nhiệt độ,25.8,2024-08-21 10:09:22
TEY8OO5iafAV96gRKcZohbO6ED,V1,Nhiệt độ,26.5,2024-08-21 10:04:22
TEY8OO5iafAV96gRKcZohbO6ED,V1,Nhiệt độ,25.3,2024-08-21 09:59:22
TEY8OO5iafAV96gRKcZohbO6ED,V1,Nhiệt độ,25.3,2024-08-21 09:54:22
TEY8OO5iafAV96gRKcZohbO6ED,V1,Nhiệt độ,25.6,2024-08-21 09:49:22
TEY8OO5iafAV96gRKcZohbO6ED,V1,Nhiệt độ,26.3,2024-08-21 09:44:22
TEY8OO5iafAV96gRKcZohbO6ED,V1,Nhiệt độ,25.6,2024-08-21 09:39:22
TEY8OO5iafAV96gRKcZohbO6ED,V1,Nhiệt độ,25.8,2024-08-21 09:34:22
TEY8OO5iafAV96gRKcZohbO6ED,V1,Nhiệt độ,26.5,2024-08-21 09:29:22
TEY8OO5iafAV96gRKcZohbO6ED,V1,Nhiệt độ,25.8,2024-08-21 09:24:22
TEY8OO5iafAV96gRKcZohbO6ED,V1,Nhiệt độ,25.7,2024-08-21 09:19:22
TEY8OO5iafAV96gRKcZohbO6ED,V1,Nhiệt độ,26.2,2024-08-21 09:14:22
TEY8OO5iafAV96gRKcZohbO6ED,V1,Nhiệt độ,26.1,2024-08-21 09:09:22
TEY8OO5iafAV96gRKcZohbO6ED,V1,Nhiệt độ,26.1,2024-08-21 09:04:22
TEY8OO5iafAV96gRKcZohbO6ED,V1,Nhiệt độ,26.6,2024-08-21 08:59:22
TEY8OO5iafAV96gRKcZohbO6ED,V1,Nhiệt độ,25.2,2024-08-21 08:54:22
TEY8OO5iafAV96gRKcZohbO6ED,V1,Nhiệt độ,26.8,2024-08-21 08:49:22
TEY8OO5iafAV96gRKcZohbO6ED,V1,Nhiệt độ,26.3,2024-08-21 08:44:22
TEY8OO5iafAV96gRKcZohbO6ED,V1,Nhiệt độ,25.3,2024-08-21 08:39:22
TEY8OO5iafAV96gRKcZohbO6ED,V1,Nhiệt độ,26.3,2024-08-21 08:34:22
TEY8OO5iafAV96gRKcZohbO6ED,V1,Nhiệt độ,26.1,2024-08-21 08:29:22
TEY8OO5iafAV96gRKcZohbO6ED,V1,Nhiệt độ,26.6,2024-08-21 08:24:22
TEY8OO5iafAV96gRKcZohbO6ED,V1,Nhiệt độ,25.5,2024-08-21 08:19:22
TEY8OO5iafAV96gRKcZohbO6ED,V1,Nhiệt độ,26.0,2024-08-21 08:14:22
TEY8OO5iafAV96gRKcZohbO6ED,V1,Nhiệt độ,26.6,2024-08-21 08:09:22
TEY8OO5iafAV96gRKcZohbO6ED,V1,Nhiệt độ,26.4,2024-08-21 08:04:22
TEY8OO5iafAV96gRKcZohbO6ED,V1,Nhiệt độ,25.1,2024-08-21 07:59:22
TEY8OO5iafAV96gRKcZohbO6ED,V1,Nhiệt độ,25.6,2024-08-21 07:54:22
TEY8OO5iafAV96gRKcZohbO6ED,V1,Nhiệt độ,26.1,2024-08-21 07:49:22
TEY8OO5iafAV96gRKcZohbO6ED,V1,Nhiệt độ,26.4,2024-08-21 07:44:22
TEY8OO5iafAV96gRKcZohbO6ED,V1,Nhiệt độ,25.4,2024-08-21 07:39:22
TEY8OO5iafAV96gRKcZohbO6ED,V1,Nhiệt độ,25.5,2024-08-21 07:34:22
TEY8OO5iafAV96gRKcZohbO6ED,V1,Nhiệt độ,26.2,2024-08-21 07:29:22
TEY8OO5iafAV96gRKcZohbO6ED,V1,Nhiệt độ,26.6,2024-08-21 07:24:22
TEY8OO5iafAV96gRKcZohbO6ED,V1,Nhiệt độ,25.3,2024-08-21 07:19:22
TEY8OO5iafAV96gRKcZohbO6ED,V1,Nhiệt độ,25.9,2024-08-21 07:14:22
TEY8OO5iafAV96gRKcZohbO6ED,V1,Nhiệt độ,26.7,2024-08-21 07:09:22
TEY8OO5iafAV96gRKcZohbO6ED,V1,Nhiệt độ,26.7,2024-08-21 07:04:22
TEY8OO5iafAV96gRKcZohbO6ED,V1,Nhiệt độ,26.5,2024-08-21 06:59:22
TEY8OO5iafAV96gRKcZohbO6ED,V1,Nhiệt độ,26.1,2024-08-21 06:54:22
TEY8OO5iafAV96gRKcZohbO6ED,V1,Nhiệt độ,25.6,2024-08-21 06:49:22
TEY8OO5iafAV96gRKcZohbO6ED,V1,Nhiệt độ,25.3,2024-08-21 06:44:22
TEY8OO5iafAV96gRKcZohbO6ED,V1,Nhiệt độ,25.7,2024-08-21 06:39:22
TEY8OO5iafAV96gRKcZohbO6ED,V1,Nhiệt độ,25.5,2024-08-21 06:34:22
TEY8OO5iafAV96gRKcZohbO6ED,V1,Nhiệt độ,25.9,2024-08-21 06:29:22
TEY8OO5iafAV96gRKcZohbO6ED,V1,Nhiệt độ,26.7,2024-08-21 06:24:22
TEY8OO5iafAV96gRKcZohbO6ED,V1,Nhiệt độ,25.8,2024-08-21 06:19:22
TEY8OO5iafAV96gRKcZohbO6ED,V1,Nhiệt độ,25.7,2024-08-21 06:14:22
TEY8OO5iafAV96gRKcZohbO6ED,V1,Nhiệt độ,25.7,2024-08-21 06:09:22
TEY8OO5iafAV96gRKcZohbO6ED,V1,Nhiệt độ,25.5,2024-08-21 06:04:22
TEY8OO5iafAV96gRKcZohbO6ED,V1,Nhiệt độ,25.9,2024-08-21 05:59:22
TEY8OO5iafAV96gRKcZohbO6ED,V1,Nhiệt độ,25.8,2024-08-21 05:54:22
TEY8OO5iafAV96gRKcZohbO6ED,V1,Nhiệt độ,25.1,2024-08-21 05:49:22
TEY8OO5iafAV96gRKcZohbO6ED,V1,Nhiệt độ,25.7,2024-08-21 05:44:22
TEY8OO5iafAV96gRKcZohbO6ED,V1,Nhiệt độ,25.8,2024-08-21 05:39:22
TEY8OO5iafAV96gRKcZohbO6ED,V1,Nhiệt độ,26.9,2024-08-21 05:34:22
TEY8OO5iafAV96gRKcZohbO6ED,V1,Nhiệt độ,25.3,2024-08-21 05:29:22
TEY8OO5iafAV96gRKcZohbO6ED,V1,Nhiệt độ,26.6,2024-08-21 05:24:22
TEY8OO5iafAV96gRKcZohbO6ED,V1,Nhiệt độ,26.0,2024-08-21 05:19:22
TEY8OO5iafAV96gRKcZohbO6ED,V1,Nhiệt độ,25.1,2024-08-21 05:14:22
TEY8OO5iafAV96gRKcZohbO6ED,V1,Nhiệt độ,25.0,2024-08-21 05:09:22
TEY8OO5iafAV96gRKcZohbO6ED,V1,Nhiệt độ,26.5,2024-08-21 05:04:22
TEY8OO5iafAV96gRKcZohbO6ED,V1,Nhiệt độ,26.8,2024-08-21 04:59:22
TEY8OO5iafAV96gRKcZohbO6ED,V1,Nhiệt độ,25.2,2024-08-21 04:54:22
TEY8OO5iafAV96gRKcZohbO6ED,V1,Nhiệt độ,26.8,2024-08-21 04:49:22
TEY8OO5iafAV96gRKcZohbO6ED,V1,Nhiệt độ,25.5,2024-08-21 04:44:22
TEY8OO5iafAV96gRKcZohbO6ED,V1,Nhiệt độ,25.4,2024-08-21 04:39:22
TEY8OO5iafAV96gRKcZohbO6ED,V1,Nhiệt độ,26.6,2024-08-21 04:34:22
TEY8OO5iafAV96gRKcZohbO6ED,V1,Nhiệt độ,25.7,2024-08-21 04:29:22
TEY8OO5iafAV96gRKcZohbO6ED,V1,Nhiệt độ,26.2,2024-08-21 04:24:22
TEY8OO5iafAV96gRKcZohbO6ED,V1,Nhiệt độ,25.7,2024-08-21 04:19:22
TEY8OO5iafAV96gRKcZohbO6ED,V1,Nhiệt độ,26.5,2024-08-21 04:14:22
TEY8OO5iafAV96gRKcZohbO6ED,V1,Nhiệt độ,26.6,2024-08-21 04:09:22
TEY8OO5iafAV96gRKcZohbO6ED,V1,Nhiệt độ,26.6,2024-08-21 04:04:22
TEY8OO5iafAV96gRKcZohbO6ED,V1,Nhiệt độ,26.4,2024-08-21 03:59:22
TEY8OO5iafAV96gRKcZohbO6ED,V1,Nhiệt độ,26.1,2024-08-21 03:54:22
TEY8OO5iafAV96gRKcZohbO6ED,V1,Nhiệt độ,26.3,2024-08-21 03:49:22
TEY8OO5iafAV96gRKcZohbO6ED,V1,Nhiệt độ,25.2,2024-08-21 03:44:22
TEY8OO5iafAV96gRKcZohbO6ED,V1,Nhiệt độ,27.0,2024-08-21 03:39:22
TEY8OO5iafAV96gRKcZohbO6ED,V1,Nhiệt độ,26.3,2024-08-21 03:34:22
TEY8OO5iafAV96gRKcZohbO6ED,V1,Nhiệt độ,25.9,2024-08-21 03:29:22
TEY8OO5iafAV96gRKcZohbO6ED,V1,Nhiệt độ,26.5,2024-08-21 03:24:22
TEY8OO5iafAV96gRKcZohbO6ED,V1,Nhiệt độ,26.9,2024-08-21 03:19:22
TEY8OO5iafAV96gRKcZohbO6ED,V1,Nhiệt độ,26.7,2024-08-21 03:14:22
TEY8OO5iafAV96gRKcZohbO6ED,V1,Nhiệt độ,25.5,2024-08-21 03:09:22
TEY8OO5iafAV96gRKcZohbO6ED,V1,Nhiệt độ,25.1,2024-08-21 03:04:22
TEY8OO5iafAV96gRKcZohbO6ED,V1,Nhiệt độ,25.7,2024-08-21 02:59:22
TEY8OO5iafAV96gRKcZohbO6ED,V1,Nhiệt độ,26.7,2024-08-21 02:54:22
TEY8OO5iafAV96gRKcZohbO6ED,V1,Nhiệt độ,25.3,2024-08-21 02:49:22
TEY8OO5iafAV96gRKcZohbO6ED,V1,Nhiệt độ,26.6,2024-08-21 02:44:22
TEY8OO5iafAV96gRKcZohbO6ED,V1,Nhiệt độ,26.0,2024-08-21 02:39:22
TEY8OO5iafAV96gRKcZohbO6ED,V1,Nhiệt độ,26.8,2024-08-21 02:34:22
TEY8OO5iafAV96gRKcZohbO6ED,V1,Nhiệt độ,25.2,2024-08-21 02:29:22
TEY8OO5iafAV96gRKcZohbO6ED,V1,Nhiệt độ,25.8,2024-08-21 02:24:22
TEY8OO5iafAV96gRKcZohbO6ED,V1,Nhiệt độ,26.4,2024-08-21 02:19:22
TEY8OO5iafAV96gRKcZohbO6ED,V1,Nhiệt độ,26.5,2024-08-21 02:14:22
TEY8OO5iafAV96gRKcZohbO6ED,V1,Nhiệt độ,26.1,2024-08-21 02:09:22
TEY8OO5iafAV96gRKcZohbO6ED,V1,Nhiệt độ,26.5,2024-08-21 02:04:22
TEY8OO5iafAV96gRKcZohbO6ED,V1,Nhiệt độ,25.5,2024-08-21 01:59:22
TEY8OO5iafAV96gRKcZohbO6ED,V1,Nhiệt độ,26.1,2024-08-21 01:54:22
TEY8OO5iafAV96gRKcZohbO6ED,V1,Nhiệt độ,26.1,2024-08-21 01:49:22
TEY8OO5iafAV96gRKcZohbO6ED,V1,Nhiệt độ,26.2,2024-08-21 01:44:22
TEY8OO5iafAV96gRKcZohbO6ED,V1,Nhiệt độ,26.8,2024-08-21 01:39:22
TEY8OO5iafAV96gRKcZohbO6ED,V1,Nhiệt độ,26.7,2024-08-21 01:34:22
TEY8OO5iafAV96gRKcZohbO6ED,V1,Nhiệt độ,26.9,2024-08-21 01:29:22
TEY8OO5iafAV96gRKcZohbO6ED,V1,Nhiệt độ,26.2,2024-08-21 01:24:22
TEY8OO5iafAV96gRKcZohbO6ED,V1,Nhiệt độ,25.7,2024-08-21 01:19:22
TEY8OO5iafAV96gRKcZohbO6ED,V1,Nhiệt độ,25.0,2024-08-21 01:14:22
TEY8OO5iafAV96gRKcZohbO6ED,V1,Nhiệt độ,26.5,2024-08-21 01:09:22
TEY8OO5iafAV96gRKcZohbO6ED,V1,Nhiệt độ,25.7,2024-08-21 01:04:22
TEY8OO5iafAV96gRKcZohbO6ED,V1,Nhiệt độ,26.8,2024-08-21 00:59:22
TEY8OO5iafAV96gRKcZohbO6ED,V1,Nhiệt độ,25.3,2024-08-21 00:54:22
TEY8OO5iafAV96gRKcZohbO6ED,V1,Nhiệt độ,25.9,2024-08-21 00:49:22
TEY8OO5iafAV96gRKcZohbO6ED,V1,Nhiệt độ,25.1,2024-08-21 00:44:22
TEY8OO5iafAV96gRKcZohbO6ED,V1,Nhiệt độ,26.8,2024-08-21 00:39:22
TEY8OO5iafAV96gRKcZohbO6ED,V1,Nhiệt độ,26.9,2024-08-21 00:34:22
TEY8OO5iafAV96gRKcZohbO6ED,V1,Nhiệt độ,26.8,2024-08-21 00:29:22
TEY8OO5iafAV96gRKcZohbO6ED,V1,Nhiệt độ,25.3,2024-08-21 00:24:22
TEY8OO5iafAV96gRKcZohbO6ED,V1,Nhiệt độ,26.8,2024-08-21 00:19:22
TEY8OO5iafAV96gRKcZohbO6ED,V1,Nhiệt độ,26.2,2024-08-21 00:14:22
TEY8OO5iafAV96gRKcZohbO6ED,V1,Nhiệt độ,25.9,2024-08-21 00:09:22
TEY8OO5iafAV96gRKcZohbO6ED,V1,Nhiệt độ,26.4,2024-08-21 00:04:22
TEY8OO5iafAV96gRKcZohbO6ED,V1,Nhiệt độ,25.6,2024-08-20 23:59:22
TEY8OO5iafAV96gRKcZohbO6ED,V1,Nhiệt độ,26.9,2024-08-20 23:54:22
TEY8OO5iafAV96gRKcZohbO6ED,V1,Nhiệt độ,25.3,2024-08-20 23:49:22
TEY8OO5iafAV96gRKcZohbO6ED,V1,Nhiệt độ,25.6,2024-08-20 23:44:22
TEY8OO5iafAV96gRKcZohbO6ED,V1,Nhiệt độ,26.5,2024-08-20 23:39:22
TEY8OO5iafAV96gRKcZohbO6ED,V1,Nhiệt độ,26.4,2024-08-20 23:34:22
TEY8OO5iafAV96gRKcZohbO6ED,V1,Nhiệt độ,25.8,2024-08-20 23:29:22
TEY8OO5iafAV96gRKcZohbO6ED,V1,Nhiệt độ,25.8,2024-08-20 23:24:22
TEY8OO5iafAV96gRKcZohbO6ED,V1,Nhiệt độ,26.6,2024-08-20 23:19:22
TEY8OO5iafAV96gRKcZohbO6ED,V1,Nhiệt độ,26.5,2024-08-20 23:14:22
TEY8OO5iafAV96gRKcZohbO6ED,V1,Nhiệt độ,25.9,2024-08-20 23:09:22
TEY8OO5iafAV96gRKcZohbO6ED,V1,Nhiệt độ,26.2,2024-08-20 23:04:22
TEY8OO5iafAV96gRKcZohbO6ED,V1,Nhiệt độ,26.7,2024-08-20 22:59:22
TEY8OO5iafAV96gRKcZohbO6ED,V1,Nhiệt độ,26.6,2024-08-20 22:54:22
TEY8OO5iafAV96gRKcZohbO6ED,V1,Nhiệt độ,26.3,2024-08-20 22:49:22
TEY8OO5iafAV96gRKcZohbO6ED,V1,Nhiệt độ,25.8,2024-08-20 22:44:22
TEY8OO5iafAV96gRKcZohbO6ED,V1,Nhiệt độ,26.7,2024-08-20 22:39:22
TEY8OO5iafAV96gRKcZohbO6ED,V1,Nhiệt độ,26.3,2024-08-20 22:34:22
TEY8OO5iafAV96gRKcZohbO6ED,V1,Nhiệt độ,26.4,2024-08-20 22:29:22
TEY8OO5iafAV96gRKcZohbO6ED,V1,Nhiệt độ,26.3,2024-08-20 22:24:22
TEY8OO5iafAV96gRKcZohbO6ED,V1,Nhiệt độ,26.0,2024-08-20 22:19:22
TEY8OO5iafAV96gRKcZohbO6ED,V1,Nhiệt độ,26.5,2024-08-20 22:14:22
TEY8OO5iafAV96gRKcZohbO6ED,V1,Nhiệt độ,26.8,2024-08-20 22:09:22
TEY8OO5iafAV96gRKcZohbO6ED,V1,Nhiệt độ,25.4,2024-08-20 22:04:22
TEY8OO5iafAV96gRKcZohbO6ED,V1,Nhiệt độ,25.3,2024-08-20 21:59:22
TEY8OO5iafAV96gRKcZohbO6ED,V1,Nhiệt độ,26.1,2024-08-20 21:54:22
TEY8OO5iafAV96gRKcZohbO6ED,V1,Nhiệt độ,26.7,2024-08-20 21:49:22
TEY8OO5iafAV96gRKcZohbO6ED,V1,Nhiệt độ,26.4,2024-08-20 21:44:22
TEY8OO5iafAV96gRKcZohbO6ED,V1,Nhiệt độ,26.8,2024-08-20 21:39:22
TEY8OO5iafAV96gRKcZohbO6ED,V1,Nhiệt độ,25.2,2024-08-20 21:34:22
TEY8OO5iafAV96gRKcZohbO6ED,V1,Nhiệt độ,26.7,2024-08-20 21:29:22
TEY8OO5iafAV96gRKcZohbO6ED,V1,Nhiệt độ,26.3,2024-08-20 21:24:22
TEY8OO5iafAV96gRKcZohbO6ED,V1,Nhiệt độ,25.1,2024-08-20 21:19:22
TEY8OO5iafAV96gRKcZohbO6ED,V1,Nhiệt độ,25.9,2024-08-20 21:14:22
TEY8OO5iafAV96gRKcZohbO6ED,V1,Nhiệt độ,26.4,2024-08-20 21:09:22
TEY8OO5iafAV96gRKcZohbO6ED,V1,Nhiệt độ,26.6,2024-08-20 21:04:22
TEY8OO5iafAV96gRKcZohbO6ED,V1,Nhiệt độ,26.3,2024-08-20 20:59:22
TEY8OO5iafAV96gRKcZohbO6ED,V1,Nhiệt độ,25.6,2024-08-20 20:54:22
TEY8OO5iafAV96gRKcZohbO6ED,V1,Nhiệt độ,26.9,2024-08-20 20:49:22
TEY8OO5iafAV96gRKcZohbO6ED,V1,Nhiệt độ,25.1,2024-08-20 20:44:22
TEY8OO5iafAV96gRKcZohbO6ED,V1,Nhiệt độ,26.4,2024-08-20 20:39:22
TEY8OO5iafAV96gRKcZohbO6ED,V1,Nhiệt độ,26.9,2024-08-20 20:34:22
TEY8OO5iafAV96gRKcZohbO6ED,V1,Nhiệt độ,26.0,2024-08-20 20:29:22
TEY8OO5iafAV96gRKcZohbO6ED,V1,Nhiệt độ,25.5,2024-08-20 20:24:22
TEY8OO5iafAV96gRKcZohbO6ED,V1,Nhiệt độ,26.0,2024-08-20 20:19:22
TEY8OO5iafAV96gRKcZohbO6ED,V1,Nhiệt độ,25.1,2024-08-20 20:14:22
TEY8OO5iafAV96gRKcZohbO6ED,V1,Nhiệt độ,26.7,2024-08-20 20:09:22
TEY8OO5iafAV96gRKcZohbO6ED,V1,Nhiệt độ,26.6,2024-08-20 20:04:22
TEY8OO5iafAV96gRKcZohbO6ED,V1,Nhiệt độ,26.3,2024-08-20 19:59:22
TEY8OO5iafAV96gRKcZohbO6ED,V1,Nhiệt độ,25.4,2024-08-20 19:54:22
TEY8OO5iafAV96gRKcZohbO6ED,V1,Nhiệt độ,26.0,2024-08-20 19:49:22
TEY8OO5iafAV96gRKcZohbO6ED,V1,Nhiệt độ,26.2,2024-08-20 19:44:22
TEY8OO5iafAV96gRKcZohbO6ED,V1,Nhiệt độ,27.0,2024-08-20 19:39:22
TEY8OO5iafAV96gRKcZohbO6ED,V1,Nhiệt độ,26.5,2024-08-20 19:34:22
TEY8OO5iafAV96gRKcZohbO6ED,V1,Nhiệt độ,25.9,2024-08-20 19:29:22
TEY8OO5iafAV96gRKcZohbO6ED,V1,Nhiệt độ,25.3,2024-08-20 19:24:22
TEY8OO5iafAV96gRKcZohbO6ED,V1,Nhiệt độ,25.8,2024-08-20 19:19:22
TEY8OO5iafAV96gRKcZohbO6ED,V1,Nhiệt độ,25.8,2024-08-20 19:14:22
TEY8OO5iafAV96gRKcZohbO6ED,V1,Nhiệt độ,25.5,2024-08-20 19:09:22
TEY8OO5iafAV96gRKcZohbO6ED,V1,Nhiệt độ,26.9,2024-08-20 19:04:22
TEY8OO5iafAV96gRKcZohbO6ED,V1,Nhiệt độ,25.1,2024-08-20 18:59:22
TEY8OO5iafAV96gRKcZohbO6ED,V1,Nhiệt độ,26.7,2024-08-20 18:54:22
TEY8OO5iafAV96gRKcZohbO6ED,V1,Nhiệt độ,26.1,2024-08-20 18:49:22
TEY8OO5iafAV96gRKcZohbO6ED,V1,Nhiệt độ,25.8,2024-08-20 18:44:22
TEY8OO5iafAV96gRKcZohbO6ED,V1,Nhiệt độ,25.6,2024-08-20 18:39:22
TEY8OO5iafAV96gRKcZohbO6ED,V1,Nhiệt độ,26.7,2024-08-20 18:34:22
TEY8OO5iafAV96gRKcZohbO6ED,V1,Nhiệt độ,26.4,2024-08-20 18:29:22
TEY8OO5iafAV96gRKcZohbO6ED,V1,Nhiệt độ,26.1,2024-08-20 18:24:22
TEY8OO5iafAV96gRKcZohbO6ED,V1,Nhiệt độ,25.0,2024-08-20 18:19:22
TEY8OO5iafAV96gRKcZohbO6ED,V1,Nhiệt độ,25.0,2024-08-20 18:14:22
TEY8OO5iafAV96gRKcZohbO6ED,V1,Nhiệt độ,26.3,2024-08-20 18:09:22
TEY8OO5iafAV96gRKcZohbO6ED,V1,Nhiệt độ,26.9,2024-08-20 18:04:22
TEY8OO5iafAV96gRKcZohbO6ED,V1,Nhiệt độ,26.2,2024-08-20 17:59:22
TEY8OO5iafAV96gRKcZohbO6ED,V1,Nhiệt độ,25.1,2024-08-20 17:54:22
TEY8OO5iafAV96gRKcZohbO6ED,V1,Nhiệt độ,25.6,2024-08-20 17:49:22
TEY8OO5iafAV96gRKcZohbO6ED,V1,Nhiệt độ,26.6,2024-08-20 17:44:22
TEY8OO5iafAV96gRKcZohbO6ED,V1,Nhiệt độ,26.1,2024-08-20 17:39:22
TEY8OO5iafAV96gRKcZohbO6ED,V1,Nhiệt độ,26.8,2024-08-20 17:34:22
TEY8OO5iafAV96gRKcZohbO6ED,V1,Nhiệt độ,25.3,2024-08-20 17:29:22
TEY8OO5iafAV96gRKcZohbO6ED,V1,Nhiệt độ,25.3,2024-08-20 17:24:22
TEY8OO5iafAV96gRKcZohbO6ED,V1,Nhiệt độ,25.1,2024-08-20 17:19:22
TEY8OO5iafAV96gRKcZohbO6ED,V1,Nhiệt độ,26.6,2024-08-20 17:14:22
TEY8OO5iafAV96gRKcZohbO6ED,V1,Nhiệt độ,25.3,2024-08-20 17:09:22
TEY8OO5iafAV96gRKcZohbO6ED,V1,Nhiệt độ,26.7,2024-08-20 17:04:22
TEY8OO5iafAV96gRKcZohbO6ED,V1,Nhiệt độ,25.6,2024-08-20 16:59:22
TEY8OO5iafAV96gRKcZohbO6ED,V1,Nhiệt độ,25.4,2024-08-20 16:54:22
TEY8OO5iafAV96gRKcZohbO6ED,V1,Nhiệt độ,26.1,2024-08-20 16:49:22
TEY8OO5iafAV96gRKcZohbO6ED,V1,Nhiệt độ,25.2,2024-08-20 16:44:22
TEY8OO5iafAV96gRKcZohbO6ED,V1,Nhiệt độ,26.4,2024-08-20 16:39:22
TEY8OO5iafAV96gRKcZohbO6ED,V1,Nhiệt độ,25.7,2024-08-20 16:34:22
TEY8OO5iafAV96gRKcZohbO6ED,V1,Nhiệt độ,26.2,2024-08-20 16:29:22
TEY8OO5iafAV96gRKcZohbO6ED,V1,Nhiệt độ,26.9,2024-08-20 16:24:22
TEY8OO5iafAV96gRKcZohbO6ED,V1,Nhiệt độ,25.9,2024-08-20 16:19:22
TEY8OO5iafAV96gRKcZohbO6ED,V1,Nhiệt độ,26.5,2024-08-20 16:14:22
TEY8OO5iafAV96gRKcZohbO6ED,V1,Nhiệt độ,25.4,2024-08-20 16:09:22
TEY8OO5iafAV96gRKcZohbO6ED,V1,Nhiệt độ,26.5,2024-08-20 16:04:22
TEY8OO5iafAV96gRKcZohbO6ED,V1,Nhiệt độ,25.5,2024-08-20 15:59:22
TEY8OO5iafAV96gRKcZohbO6ED,V1,Nhiệt độ,26.8,2024-08-20 15:54:22
TEY8OO5iafAV96gRKcZohbO6ED,V1,Nhiệt độ,25.4,2024-08-20 15:49:22
TEY8OO5iafAV96gRKcZohbO6ED,V1,Nhiệt độ,26.3,2024-08-20 15:44:22
TEY8OO5iafAV96gRKcZohbO6ED,V1,Nhiệt độ,25.4,2024-08-20 15:39:22
TEY8OO5iafAV96gRKcZohbO6ED,V1,Nhiệt độ,25.7,2024-08-20 15:34:22
TEY8OO5iafAV96gRKcZohbO6ED,V1,Nhiệt độ,25.5,2024-08-20 15:29:22
TEY8OO5iafAV96gRKcZohbO6ED,V1,Nhiệt độ,26.4,2024-08-20 15:24:22
TEY8OO5iafAV96gRKcZohbO6ED,V1,Nhiệt độ,26.7,2024-08-20 15:19:22
TEY8OO5iafAV96gRKcZohbO6ED,V1,Nhiệt độ,26.1,2024-08-20 15:14:22
TEY8OO5iafAV96gRKcZohbO6ED,V1,Nhiệt độ,26.5,2024-08-20 15:09:22
TEY8OO5iafAV96gRKcZohbO6ED,V1,Nhiệt độ,25.8,2024-08-20 15:04:22
TEY8OO5iafAV96gRKcZohbO6ED,V1,Nhiệt độ,26.4,2024-08-20 14:59:22
TEY8OO5iafAV96gRKcZohbO6ED,V1,Nhiệt độ,25.0,2024-08-20 14:54:22
TEY8OO5iafAV96gRKcZohbO6ED,V1,Nhiệt độ,26.1,2024-08-20 14:49:22
TEY8OO5iafAV96gRKcZohbO6ED,V1,Nhiệt độ,25.0,2024-08-20 14:44:22
TEY8OO5iafAV96gRKcZohbO6ED,V1,Nhiệt độ,25.7,2024-08-20 14:39:22
TEY8OO5iafAV96gRKcZohbO6ED,V1,Nhiệt độ,26.1,2024-08-20 14:34:22
TEY8OO5iafAV96gRKcZohbO6ED,V1,Nhiệt độ,26.6,2024-08-20 14:29:22
TEY8OO5iafAV96gRKcZohbO6ED,V1,Nhiệt độ,25.6,2024-08-20 14:24:22
TEY8OO5iafAV96gRKcZohbO6ED,V1,Nhiệt độ,26.4,2024-08-20 14:19:22
TEY8OO5iafAV96gRKcZohbO6ED,V1,Nhiệt độ,25.5,2024-08-20 14:14:22
TEY8OO5iafAV96gRKcZohbO6ED,V1,Nhiệt độ,27.0,2024-08-20 14:09:22
TEY8OO5iafAV96gRKcZohbO6ED,V1,Nhiệt độ,25.6,2024-08-20 14:04:22
TEY8OO5iafAV96gRKcZohbO6ED,V1,Nhiệt độ,26.1,2024-08-20 13:59:22
TEY8OO5iafAV96gRKcZohbO6ED,V1,Nhiệt độ,25.9,2024-08-20 13:54:22
TEY8OO5iafAV96gRKcZohbO6ED,V1,Nhiệt độ,25.2,2024-08-20 13:49:22
TEY8OO5iafAV96gRKcZohbO6ED,V1,Nhiệt độ,26.0,2024-08-20 13:44:22
TEY8OO5iafAV96gRKcZohbO6ED,V1,Nhiệt độ,25.6,2024-08-20 13:39:22
TEY8OO5iafAV96gRKcZohbO6ED,V1,Nhiệt độ,26.9,2024-08-20 13:34:22
TEY8OO5iafAV96gRKcZohbO6ED,V1,Nhiệt độ,27.0,2024-08-20 13:29:22
TEY8OO5iafAV96gRKcZohbO6ED,V1,Nhiệt độ,26.1,2024-08-20 13:24:22
TEY8OO5iafAV96gRKcZohbO6ED,V1,Nhiệt độ,25.8,2024-08-20 13:19:22
TEY8OO5iafAV96gRKcZohbO6ED,V1,Nhiệt độ,26.9,2024-08-20 13:14:22
TEY8OO5iafAV96gRKcZohbO6ED,V1,Nhiệt độ,26.4,2024-08-20 13:09:22
TEY8OO5iafAV96gRKcZohbO6ED,V1,Nhiệt độ,26.8,2024-08-20 13:04:22
TEY8OO5iafAV96gRKcZohbO6ED,V1,Nhiệt độ,25.3,2024-08-20 12:59:22
TEY8OO5iafAV96gRKcZohbO6ED,V1,Nhiệt độ,25.5,2024-08-20 12:54:22
TEY8OO5iafAV96gRKcZohbO6ED,V1,Nhiệt độ,25.5,2024-08-20 12:49:22
TEY8OO5iafAV96gRKcZohbO6ED,V1,Nhiệt độ,25.9,2024-08-20 12:44:22
TEY8OO5iafAV96gRKcZohbO6ED,V1,Nhiệt độ,26.7,2024-08-20 12:39:22
TEY8OO5iafAV96gRKcZohbO6ED,V1,Nhiệt độ,26.7,2024-08-20 12:34:22
TEY8OO5iafAV96gRKcZohbO6ED,V1,Nhiệt độ,25.6,2024-08-20 12:29:22
TEY8OO5iafAV96gRKcZohbO6ED,V1,Nhiệt độ,25.1,2024-08-20 12:24:22
TEY8OO5iafAV96gRKcZohbO6ED,V1,Nhiệt độ,25.8,2024-08-20 12:19:22
TEY8OO5iafAV96gRKcZohbO6ED,V1,Nhiệt độ,25.6,2024-08-20 12:14:22
TEY8OO5iafAV96gRKcZohbO6ED,V1,Nhiệt độ,25.5,2024-08-20 12:09:22
TEY8OO5iafAV96gRKcZohbO6ED,V1,Nhiệt độ,25.4,2024-08-20 12:04:22
TEY8OO5iafAV96gRKcZohbO6ED,V1,Nhiệt độ,25.6,2024-08-20 11:59:22
TEY8OO5iafAV96gRKcZohbO6ED,V1,Nhiệt độ,26.7,2024-08-20 11:54:22
TEY8OO5iafAV96gRKcZohbO6ED,V1,Nhiệt độ,25.9,2024-08-20 11:49:22
TEY8OO5iafAV96gRKcZohbO6ED,V1,Nhiệt độ,25.3,2024-08-20 11:44:22
TEY8OO5iafAV96gRKcZohbO6ED,V1,Nhiệt độ,25.9,2024-08-20 11:39:22
TEY8OO5iafAV96gRKcZohbO6ED,V1,Nhiệt độ,26.0,2024-08-20 11:34:22
TEY8OO5iafAV96gRKcZohbO6ED,V1,Nhiệt độ,25.0,2024-08-20 11:29:22
TEY8OO5iafAV96gRKcZohbO6ED,V1,Nhiệt độ,25.3,2024-08-20 11:24:22
TEY8OO5iafAV96gRKcZohbO6ED,V1,Nhiệt độ,25.3,2024-08-20 11:19:22
TEY8OO5iafAV96gRKcZohbO6ED,V1,Nhiệt độ,25.9,2024-08-20 11:14:22
TEY8OO5iafAV96gRKcZohbO6ED,V1,Nhiệt độ,26.7,2024-08-20 11:09:22
TEY8OO5iafAV96gRKcZohbO6ED,V1,Nhiệt độ,26.7,2024-08-20 11:04:22
TEY8OO5iafAV96gRKcZohbO6ED,V1,Nhiệt độ,26.0,2024-08-20 10:59:22
TEY8OO5iafAV96gRKcZohbO6ED,V1,Nhiệt độ,25.3,2024-08-20 10:54:22
TEY8OO5iafAV96gRKcZohbO6ED,V1,Nhiệt độ,25.1,2024-08-20 10:49:22
TEY8OO5iafAV96gRKcZohbO6ED,V1,Nhiệt độ,25.1,2024-08-20 10:44:22
TEY8OO5iafAV96gRKcZohbO6ED,V1,Nhiệt độ,25.1,2024-08-20 10:39:22
TEY8OO5iafAV96gRKcZohbO6ED,V1,Nhiệt độ,25.7,2024-08-20 10:34:22
TEY8OO5iafAV96gRKcZohbO6ED,V1,Nhiệt độ,26.4,2024-08-20 10:29:22
TEY8OO5iafAV96gRKcZohbO6ED,V1,Nhiệt độ,25.6,2024-08-20 10:24:22
TEY8OO5iafAV96gRKcZohbO6ED,V1,Nhiệt độ,27.0,2024-08-20 10:19:22
TEY8OO5iafAV96gRKcZohbO6ED,V1,Nhiệt độ,25.1,2024-08-20 10:14:22
TEY8OO5iafAV96gRKcZohbO6ED,V1,Nhiệt độ,26.3,2024-08-20 10:09:22
TEY8OO5iafAV96gRKcZohbO6ED,V1,Nhiệt độ,25.3,2024-08-20 10:04:22
TEY8OO5iafAV96gRKcZohbO6ED,V1,Nhiệt độ,26.3,2024-08-20 09:59:22
TEY8OO5iafAV96gRKcZohbO6ED,V1,Nhiệt độ,26.3,2024-08-20 09:54:22
TEY8OO5iafAV96gRKcZohbO6ED,V1,Nhiệt độ,25.7,2024-08-20 09:49:22
TEY8OO5iafAV96gRKcZohbO6ED,V1,Nhiệt độ,26.6,2024-08-20 09:44:22
TEY8OO5iafAV96gRKcZohbO6ED,V1,Nhiệt độ,25.9,2024-08-20 09:39:22
TEY8OO5iafAV96gRKcZohbO6ED,V1,Nhiệt độ,26.6,2024-08-20 09:34:22
TEY8OO5iafAV96gRKcZohbO6ED,V1,Nhiệt độ,26.0,2024-08-20 09:29:22
TEY8OO5iafAV96gRKcZohbO6ED,V1,Nhiệt độ,25.4,2024-08-20 09:24:22
TEY8OO5iafAV96gRKcZohbO6ED,V1,Nhiệt độ,26.1,2024-08-20 09:19:22
TEY8OO5iafAV96gRKcZohbO6ED,V1,Nhiệt độ,25.4,2024-08-20 09:14:22
TEY8OO5iafAV96gRKcZohbO6ED,V1,Nhiệt độ,25.5,2024-08-20 09:09:22
TEY8OO5iafAV96gRKcZohbO6ED,V1,Nhiệt độ,26.3,2024-08-20 09:04:22
TEY8OO5iafAV96gRKcZohbO6ED,V1,Nhiệt độ,25.8,2024-08-20 08:59:22
TEY8OO5iafAV96gRKcZohbO6ED,V1,Nhiệt độ,25.1,2024-08-20 08:54:22
TEY8OO5iafAV96gRKcZohbO6ED,V1,Nhiệt độ,25.7,2024-08-20 08:49:22
TEY8OO5iafAV96gRKcZohbO6ED,V1,Nhiệt độ,26.4,2024-08-20 08:44:22
TEY8OO5iafAV96gRKcZohbO6ED,V1,Nhiệt độ,25.4,2024-08-20 08:39:22
TEY8OO5iafAV96gRKcZohbO6ED,V1,Nhiệt độ,25.7,2024-08-20 08:34:22
TEY8OO5iafAV96gRKcZohbO6ED,V1,Nhiệt độ,26.0,2024-08-20 08:29:22
TEY8OO5iafAV96gRKcZohbO6ED,V1,Nhiệt độ,26.2,2024-08-20 08:24:22
TEY8OO5iafAV96gRKcZohbO6ED,V1,Nhiệt độ,25.9,2024-08-20 08:19:22
TEY8OO5iafAV96gRKcZohbO6ED,V1,Nhiệt độ,26.9,2024-08-20 08:14:22
TEY8OO5iafAV96gRKcZohbO6ED,V1,Nhiệt độ,26.9,2024-08-20 08:09:22
TEY8OO5iafAV96gRKcZohbO6ED,V1,Nhiệt độ,26.2,2024-08-20 08:04:22
TEY8OO5iafAV96gRKcZohbO6ED,V1,Nhiệt độ,26.1,2024-08-20 07:59:22
TEY8OO5iafAV96gRKcZohbO6ED,V1,Nhiệt độ,25.5,2024-08-20 07:54:22
TEY8OO5iafAV96gRKcZohbO6ED,V1,Nhiệt độ,25.7,2024-08-20 07:49:22
TEY8OO5iafAV96gRKcZohbO6ED,V1,Nhiệt độ,26.4,2024-08-20 07:44:22
TEY8OO5iafAV96gRKcZohbO6ED,V1,Nhiệt độ,25.4,2024-08-20 07:39:22
TEY8OO5iafAV96gRKcZohbO6ED,V1,Nhiệt độ,25.3,2024-08-20 07:34:22
TEY8OO5iafAV96gRKcZohbO6ED,V1,Nhiệt độ,25.5,2024-08-20 07:29:22
TEY8OO5iafAV96gRKcZohbO6ED,V1,Nhiệt độ,26.4,2024-08-20 07:24:22
TEY8OO5iafAV96gRKcZohbO6ED,V1,Nhiệt độ,25.7,2024-08-20 07:19:22
TEY8OO5iafAV96gRKcZohbO6ED,V1,Nhiệt độ,26.6,2024-08-20 07:14:22
TEY8OO5iafAV96gRKcZohbO6ED,V1,Nhiệt độ,25.9,2024-08-20 07:09:22
TEY8OO5iafAV96gRKcZohbO6ED,V1,Nhiệt độ,25.6,2024-08-20 07:04:22
TEY8OO5iafAV96gRKcZohbO6ED,V1,Nhiệt độ,26.9,2024-08-20 06:59:22
TEY8OO5iafAV96gRKcZohbO6ED,V1,Nhiệt độ,25.9,2024-08-20 06:54:22
TEY8OO5iafAV96gRKcZohbO6ED,V1,Nhiệt độ,26.4,2024-08-20 06:49:22
TEY8OO5iafAV96gRKcZohbO6ED,V1,Nhiệt độ,27.0,2024-08-20 06:44:22
TEY8OO5iafAV96gRKcZohbO6ED,V1,Nhiệt độ,26.2,2024-08-20 06:39:22
TEY8OO5iafAV96gRKcZohbO6ED,V1,Nhiệt độ,26.0,2024-08-20 06:34:22
TEY8OO5iafAV96gRKcZohbO6ED,V1,Nhiệt độ,26.2,2024-08-20 06:29:22
TEY8OO5iafAV96gRKcZohbO6ED,V1,Nhiệt độ,26.8,2024-08-20 06:24:22
TEY8OO5iafAV96gRKcZohbO6ED,V1,Nhiệt độ,25.4,2024-08-20 06:19:22
TEY8OO5iafAV96gRKcZohbO6ED,V1,Nhiệt độ,25.8,2024-08-20 06:14:22
TEY8OO5iafAV96gRKcZohbO6ED,V1,Nhiệt độ,25.1,2024-08-20 06:09:22
TEY8OO5iafAV96gRKcZohbO6ED,V1,Nhiệt độ,26.0,2024-08-20 06:04:22
TEY8OO5iafAV96gRKcZohbO6ED,V1,Nhiệt độ,25.0,2024-08-20 05:59:22
TEY8OO5iafAV96gRKcZohbO6ED,V1,Nhiệt độ,26.6,2024-08-20 05:54:22
TEY8OO5iafAV96gRKcZohbO6ED,V1,Nhiệt độ,25.5,2024-08-20 05:49:22
TEY8OO5iafAV96gRKcZohbO6ED,V1,Nhiệt độ,26.4,2024-08-20 05:44:22
TEY8OO5iafAV96gRKcZohbO6ED,V1,Nhiệt độ,26.3,2024-08-20 05:39:22
TEY8OO5iafAV96gRKcZohbO6ED,V1,Nhiệt độ,25.1,2024-08-20 05:34:22
TEY8OO5iafAV96gRKcZohbO6ED,V1,Nhiệt độ,25.5,2024-08-20 05:29:22
TEY8OO5iafAV96gRKcZohbO6ED,V1,Nhiệt độ,26.3,2024-08-20 05:24:22
TEY8OO5iafAV96gRKcZohbO6ED,V1,Nhiệt độ,26.8,2024-08-20 05:19:22
TEY8OO5iafAV96gRKcZohbO6ED,V1,Nhiệt độ,26.3,2024-08-20 05:14:22
TEY8OO5iafAV96gRKcZohbO6ED,V1,Nhiệt độ,25.1,2024-08-20 05:09:22
TEY8OO5iafAV96gRKcZohbO6ED,V1,Nhiệt độ,27.0,2024-08-20 05:04:22
TEY8OO5iafAV96gRKcZohbO6ED,V1,Nhiệt độ,25.3,2024-08-20 04:59:22
TEY8OO5iafAV96gRKcZohbO6ED,V1,Nhiệt độ,26.9,2024-08-20 04:54:22
TEY8OO5iafAV96gRKcZohbO6ED,V1,Nhiệt độ,25.1,2024-08-20 04:49:22
TEY8OO5iafAV96gRKcZohbO6ED,V1,Nhiệt độ,26.2,2024-08-20 04:44:22
TEY8OO5iafAV96gRKcZohbO6ED,V1,Nhiệt độ,26.6,2024-08-20 04:39:22
TEY8OO5iafAV96gRKcZohbO6ED,V1,Nhiệt độ,25.3,2024-08-20 04:34:22
TEY8OO5iafAV96gRKcZohbO6ED,V1,Nhiệt độ,25.6,2024-08-20 04:29:22
TEY8OO5iafAV96gRKcZohbO6ED,V1,Nhiệt độ,26.7,2024-08-20 04:24:22
TEY8OO5iafAV96gRKcZohbO6ED,V1,Nhiệt độ,26.5,2024-08-20 04:19:22
TEY8OO5iafAV96gRKcZohbO6ED,V1,Nhiệt độ,26.8,2024-08-20 04:14:22
TEY8OO5iafAV96gRKcZohbO6ED,V1,Nhiệt độ,25.5,2024-08-20 04:09:22
TEY8OO5iafAV96gRKcZohbO6ED,V1,Nhiệt độ,26.3,2024-08-20 04:04:22
TEY8OO5iafAV96gRKcZohbO6ED,V1,Nhiệt độ,25.1,2024-08-20 03:59:22
TEY8OO5iafAV96gRKcZohbO6ED,V1,Nhiệt độ,25.1,2024-08-20 03:54:22
TEY8OO5iafAV96gRKcZohbO6ED,V1,Nhiệt độ,26.9,2024-08-20 03:49:22
TEY8OO5iafAV96gRKcZohbO6ED,V1,Nhiệt độ,26.3,2024-08-20 03:44:22
TEY8OO5iafAV96gRKcZohbO6ED,V1,Nhiệt độ,26.5,2024-08-20 03:39:22
TEY8OO5iafAV96gRKcZohbO6ED,V1,Nhiệt độ,26.1,2024-08-20 03:34:22
TEY8OO5iafAV96gRKcZohbO6ED,V1,Nhiệt độ,25.6,2024-08-20 03:29:22
TEY8OO5iafAV96gRKcZohbO6ED,V1,Nhiệt độ,25.7,2024-08-20 03:24:22
TEY8OO5iafAV96gRKcZohbO6ED,V1,Nhiệt độ,26.2,2024-08-20 03:19:22
TEY8OO5iafAV96gRKcZohbO6ED,V1,Nhiệt độ,26.8,2024-08-20 03:14:22
TEY8OO5iafAV96gRKcZohbO6ED,V1,Nhiệt độ,25.2,2024-08-20 03:09:22
TEY8OO5iafAV96gRKcZohbO6ED,V1,Nhiệt độ,26.8,2024-08-20 03:04:22
TEY8OO5iafAV96gRKcZohbO6ED,V1,Nhiệt độ,26.8,2024-08-20 02:59:22
TEY8OO5iafAV96gRKcZohbO6ED,V1,Nhiệt độ,25.5,2024-08-20 02:54:22
TEY8OO5iafAV96gRKcZohbO6ED,V1,Nhiệt độ,25.3,2024-08-20 02:49:22
TEY8OO5iafAV96gRKcZohbO6ED,V1,Nhiệt độ,25.5,2024-08-20 02:44:22
TEY8OO5iafAV96gRKcZohbO6ED,V1,Nhiệt độ,25.3,2024-08-20 02:39:22
TEY8OO5iafAV96gRKcZohbO6ED,V1,Nhiệt độ,27.0,2024-08-20 02:34:22
TEY8OO5iafAV96gRKcZohbO6ED,V1,Nhiệt độ,25.5,2024-08-20 02:29:22
TEY8OO5iafAV96gRKcZohbO6ED,V1,Nhiệt độ,25.5,2024-08-20 02:24:22
TEY8OO5iafAV96gRKcZohbO6ED,V1,Nhiệt độ,25.6,2024-08-20 02:19:22
TEY8OO5iafAV96gRKcZohbO6ED,V1,Nhiệt độ,27.0,2024-08-20 02:14:22
TEY8OO5iafAV96gRKcZohbO6ED,V1,Nhiệt độ,26.7,2024-08-20 02:09:22
TEY8OO5iafAV96gRKcZohbO6ED,V1,Nhiệt độ,25.6,2024-08-20 02:04:22
TEY8OO5iafAV96gRKcZohbO6ED,V1,Nhiệt độ,25.7,2024-08-20 01:59:22
TEY8OO5iafAV96gRKcZohbO6ED,V1,Nhiệt độ,26.8,2024-08-20 01:54:22
TEY8OO5iafAV96gRKcZohbO6ED,V1,Nhiệt độ,26.2,2024-08-20 01:49:22
TEY8OO5iafAV96gRKcZohbO6ED,V1,Nhiệt độ,26.8,2024-08-20 01:44:22
TEY8OO5iafAV96gRKcZohbO6ED,V1,Nhiệt độ,26.0,2024-08-20 01:39:22
TEY8OO5iafAV96gRKcZohbO6ED,V1,Nhiệt độ,25.1,2024-08-20 01:34:22
TEY8OO5iafAV96gRKcZohbO6ED,V1,Nhiệt độ,26.5,2024-08-20 01:29:22
TEY8OO5iafAV96gRKcZohbO6ED,V1,Nhiệt độ,25.8,2024-08-20 01:24:22
TEY8OO5iafAV96gRKcZohbO6ED,V1,Nhiệt độ,26.9,2024-08-20 01:19:22
TEY8OO5iafAV96gRKcZohbO6ED,V1,Nhiệt độ,25.0,2024-08-20 01:14:22
TEY8OO5iafAV96gRKcZohbO6ED,V1,Nhiệt độ,26.5,2024-08-20 01:09:22
TEY8OO5iafAV96gRKcZohbO6ED,V1,Nhiệt độ,25.4,2024-08-20 01:04:22
TEY8OO5iafAV96gRKcZohbO6ED,V1,Nhiệt độ,25.4,2024-08-20 00:59:22
TEY8OO5iafAV96gRKcZohbO6ED,V1,Nhiệt độ,26.9,2024-08-20 00:54:22
TEY8OO5iafAV96gRKcZohbO6ED,V1,Nhiệt độ,25.9,2024-08-20 00:49:22
TEY8OO5iafAV96gRKcZohbO6ED,V1,Nhiệt độ,26.3,2024-08-20 00:44:22
TEY8OO5iafAV96gRKcZohbO6ED,V1,Nhiệt độ,26.8,2024-08-20 00:39:22
TEY8OO5iafAV96gRKcZohbO6ED,V1,Nhiệt độ,25.4,2024-08-20 00:34:22
TEY8OO5iafAV96gRKcZohbO6ED,V1,Nhiệt độ,26.9,2024-08-20 00:29:22
TEY8OO5iafAV96gRKcZohbO6ED,V1,Nhiệt độ,26.8,2024-08-20 00:24:22
TEY8OO5iafAV96gRKcZohbO6ED,V1,Nhiệt độ,25.1,2024-08-20 00:19:22
TEY8OO5iafAV96gRKcZohbO6ED,V1,Nhiệt độ,26.9,2024-08-20 00:14:22
TEY8OO5iafAV96gRKcZohbO6ED,V1,Nhiệt độ,25.6,2024-08-20 00:09:22
TEY8OO5iafAV96gRKcZohbO6ED,V1,Nhiệt độ,26.2,2024-08-20 00:04:22
TEY8OO5iafAV96gRKcZohbO6ED,V1,Nhiệt độ,26.1,2024-08-19 23:59:22
TEY8OO5iafAV96gRKcZohbO6ED,V1,Nhiệt độ,26.2,2024-08-19 23:54:22
TEY8OO5iafAV96gRKcZohbO6ED,V1,Nhiệt độ,26.4,2024-08-19 23:49:22
TEY8OO5iafAV96gRKcZohbO6ED,V1,Nhiệt độ,26.9,2024-08-19 23:44:22
TEY8OO5iafAV96gRKcZohbO6ED,V1,Nhiệt độ,26.9,2024-08-19 23:39:22
TEY8OO5iafAV96gRKcZohbO6ED,V1,Nhiệt độ,26.8,2024-08-19 23:34:22
TEY8OO5iafAV96gRKcZohbO6ED,V1,Nhiệt độ,26.4,2024-08-19 23:29:22
TEY8OO5iafAV96gRKcZohbO6ED,V1,Nhiệt độ,27.0,2024-08-19 23:24:22
TEY8OO5iafAV96gRKcZohbO6ED,V1,Nhiệt độ,25.8,2024-08-19 23:19:22
TEY8OO5iafAV96gRKcZohbO6ED,V1,Nhiệt độ,26.6,2024-08-19 23:14:22
TEY8OO5iafAV96gRKcZohbO6ED,V1,Nhiệt độ,25.7,2024-08-19 23:09:22
TEY8OO5iafAV96gRKcZohbO6ED,V1,Nhiệt độ,26.7,2024-08-19 23:04:22
TEY8OO5iafAV96gRKcZohbO6ED,V1,Nhiệt độ,25.1,2024-08-19 22:59:22
TEY8OO5iafAV96gRKcZohbO6ED,V1,Nhiệt độ,26.6,2024-08-19 22:54:22
TEY8OO5iafAV96gRKcZohbO6ED,V1,Nhiệt độ,26.6,2024-08-19 22:49:22
TEY8OO5iafAV96gRKcZohbO6ED,V1,Nhiệt độ,25.1,2024-08-19 22:44:22
TEY8OO5iafAV96gRKcZohbO6ED,V1,Nhiệt độ,26.2,2024-08-19 22:39:22
TEY8OO5iafAV96gRKcZohbO6ED,V1,Nhiệt độ,26.3,2024-08-19 22:34:22
TEY8OO5iafAV96gRKcZohbO6ED,V1,Nhiệt độ,26.6,2024-08-19 22:29:22
TEY8OO5iafAV96gRKcZohbO6ED,V1,Nhiệt độ,25.1,2024-08-19 22:24:22
TEY8OO5iafAV96gRKcZohbO6ED,V1,Nhiệt độ,26.3,2024-08-19 22:19:22
TEY8OO5iafAV96gRKcZohbO6ED,V1,Nhiệt độ,26.2,2024-08-19 22:14:22
TEY8OO5iafAV96gRKcZohbO6ED,V1,Nhiệt độ,26.3,2024-08-19 22:09:22
TEY8OO5iafAV96gRKcZohbO6ED,V1,Nhiệt độ,25.3,2024-08-19 22:04:22
TEY8OO5iafAV96gRKcZohbO6ED,V1,Nhiệt độ,25.3,2024-08-19 21:59:22
TEY8OO5iafAV96gRKcZohbO6ED,V1,Nhiệt độ,25.7,2024-08-19 21:54:22
TEY8OO5iafAV96gRKcZohbO6ED,V1,Nhiệt độ,26.7,2024-08-19 21:49:22
TEY8OO5iafAV96gRKcZohbO6ED,V1,Nhiệt độ,25.9,2024-08-19 21:44:22
TEY8OO5iafAV96gRKcZohbO6ED,V1,Nhiệt độ,25.8,2024-08-19 21:39:22
TEY8OO5iafAV96gRKcZohbO6ED,V1,Nhiệt độ,25.5,2024-08-19 21:34:22
TEY8OO5iafAV96gRKcZohbO6ED,V1,Nhiệt độ,25.2,2024-08-19 21:29:22
TEY8OO5iafAV96gRKcZohbO6ED,V1,Nhiệt độ,26.0,2024-08-19 21:24:22
TEY8OO5iafAV96gRKcZohbO6ED,V1,Nhiệt độ,25.2,2024-08-19 21:19:22
TEY8OO5iafAV96gRKcZohbO6ED,V1,Nhiệt độ,26.0,2024-08-19 21:14:22
TEY8OO5iafAV96gRKcZohbO6ED,V1,Nhiệt độ,26.0,2024-08-19 21:09:22
TEY8OO5iafAV96gRKcZohbO6ED,V1,Nhiệt độ,25.6,2024-08-19 21:04:22
TEY8OO5iafAV96gRKcZohbO6ED,V1,Nhiệt độ,26.6,2024-08-19 20:59:22
TEY8OO5iafAV96gRKcZohbO6ED,V1,Nhiệt độ,25.3,2024-08-19 20:54:22
TEY8OO5iafAV96gRKcZohbO6ED,V1,Nhiệt độ,25.5,2024-08-19 20:49:22
TEY8OO5iafAV96gRKcZohbO6ED,V1,Nhiệt độ,26.1,2024-08-19 20:44:22
TEY8OO5iafAV96gRKcZohbO6ED,V1,Nhiệt độ,26.3,2024-08-19 20:39:22
TEY8OO5iafAV96gRKcZohbO6ED,V1,Nhiệt độ,25.1,2024-08-19 20:34:22
TEY8OO5iafAV96gRKcZohbO6ED,V1,Nhiệt độ,26.4,2024-08-19 20:29:22
TEY8OO5iafAV96gRKcZohbO6ED,V1,Nhiệt độ,26.8,2024-08-19 20:24:22
TEY8OO5iafAV96gRKcZohbO6ED,V1,Nhiệt độ,26.1,2024-08-19 20:19:22
TEY8OO5iafAV96gRKcZohbO6ED,V1,Nhiệt độ,25.3,2024-08-19 20:14:22
TEY8OO5iafAV96gRKcZohbO6ED,V1,Nhiệt độ,26.3,2024-08-19 20:09:22
TEY8OO5iafAV96gRKcZohbO6ED,V1,Nhiệt độ,26.3,2024-08-19 20:04:22
TEY8OO5iafAV96gRKcZohbO6ED,V1,Nhiệt độ,26.7,2024-08-19 19:59:22
TEY8OO5iafAV96gRKcZohbO6ED,V1,Nhiệt độ,26.9,2024-08-19 19:54:22
TEY8OO5iafAV96gRKcZohbO6ED,V1,Nhiệt độ,25.2,2024-08-19 19:49:22
TEY8OO5iafAV96gRKcZohbO6ED,V1,Nhiệt độ,25.4,2024-08-19 19:44:22
TEY8OO5iafAV96gRKcZohbO6ED,V1,Nhiệt độ,26.5,2024-08-19 19:39:22
TEY8OO5iafAV96gRKcZohbO6ED,V1,Nhiệt độ,25.6,2024-08-19 19:34:22
TEY8OO5iafAV96gRKcZohbO6ED,V1,Nhiệt độ,26.4,2024-08-19 19:29:22
TEY8OO5iafAV96gRKcZohbO6ED,V1,Nhiệt độ,25.8,2024-08-19 19:24:22
TEY8OO5iafAV96gRKcZohbO6ED,V1,Nhiệt độ,26.6,2024-08-19 19:19:22
TEY8OO5iafAV96gRKcZohbO6ED,V1,Nhiệt độ,26.2,2024-08-19 19:14:22
TEY8OO5iafAV96gRKcZohbO6ED,V1,Nhiệt độ,26.4,2024-08-19 19:09:22
TEY8OO5iafAV96gRKcZohbO6ED,V1,Nhiệt độ,26.4,2024-08-19 19:04:22
TEY8OO5iafAV96gRKcZohbO6ED,V1,Nhiệt độ,26.4,2024-08-19 18:59:22
TEY8OO5iafAV96gRKcZohbO6ED,V1,Nhiệt độ,26.2,2024-08-19 18:54:22
TEY8OO5iafAV96gRKcZohbO6ED,V1,Nhiệt độ,25.1,2024-08-19 18:49:22
TEY8OO5iafAV96gRKcZohbO6ED,V1,Nhiệt độ,26.9,2024-08-19 18:44:22
TEY8OO5iafAV96gRKcZohbO6ED,V1,Nhiệt độ,25.4,2024-08-19 18:39:22
TEY8OO5iafAV96gRKcZohbO6ED,V1,Nhiệt độ,25.1,2024-08-19 18:34:22
TEY8OO5iafAV96gRKcZohbO6ED,V1,Nhiệt độ,26.6,2024-08-19 18:29:22
TEY8OO5iafAV96gRKcZohbO6ED,V1,Nhiệt độ,26.5,2024-08-19 18:24:22
TEY8OO5iafAV96gRKcZohbO6ED,V1,Nhiệt độ,26.2,2024-08-19 18:19:22
TEY8OO5iafAV96gRKcZohbO6ED,V1,Nhiệt độ,25.2,2024-08-19 18:14:22
TEY8OO5iafAV96gRKcZohbO6ED,V1,Nhiệt độ,25.8,2024-08-19 18:09:22
TEY8OO5iafAV96gRKcZohbO6ED,V1,Nhiệt độ,26.7,2024-08-19 18:04:22
TEY8OO5iafAV96gRKcZohbO6ED,V1,Nhiệt độ,26.3,2024-08-19 17:59:22
TEY8OO5iafAV96gRKcZohbO6ED,V1,Nhiệt độ,25.2,2024-08-19 17:54:22
TEY8OO5iafAV96gRKcZohbO6ED,V1,Nhiệt độ,26.3,2024-08-19 17:49:22
TEY8OO5iafAV96gRKcZohbO6ED,V1,Nhiệt độ,26.6,2024-08-19 17:44:22
TEY8OO5iafAV96gRKcZohbO6ED,V1,Nhiệt độ,26.3,2024-08-19 17:39:22
TEY8OO5iafAV96gRKcZohbO6ED,V1,Nhiệt độ,25.8,2024-08-19 17:34:22
TEY8OO5iafAV96gRKcZohbO6ED,V1,Nhiệt độ,26.8,2024-08-19 17:29:22
TEY8OO5iafAV96gRKcZohbO6ED,V1,Nhiệt độ,26.5,2024-08-19 17:24:22
TEY8OO5iafAV96gRKcZohbO6ED,V1,Nhiệt độ,26.6,2024-08-19 17:19:22
TEY8OO5iafAV96gRKcZohbO6ED,V1,Nhiệt độ,26.6,2024-08-19 17:14:22
TEY8OO5iafAV96gRKcZohbO6ED,V1,Nhiệt độ,25.0,2024-08-19 17:09:22
TEY8OO5iafAV96gRKcZohbO6ED,V1,Nhiệt độ,25.0,2024-08-19 17:04:22
TEY8OO5iafAV96gRKcZohbO6ED,V1,Nhiệt độ,26.2,2024-08-19 16:59:22
TEY8OO5iafAV96gRKcZohbO6ED,V1,Nhiệt độ,26.1,2024-08-19 16:54:22
TEY8OO5iafAV96gRKcZohbO6ED,V1,Nhiệt độ,26.3,2024-08-19 16:49:22
TEY8OO5iafAV96gRKcZohbO6ED,V1,Nhiệt độ,26.6,2024-08-19 16:44:22
TEY8OO5iafAV96gRKcZohbO6ED,V1,Nhiệt độ,26.0,2024-08-19 16:39:22
TEY8OO5iafAV96gRKcZohbO6ED,V1,Nhiệt độ,25.1,2024-08-19 16:34:22
TEY8OO5iafAV96gRKcZohbO6ED,V1,Nhiệt độ,25.3,2024-08-19 16:29:22
TEY8OO5iafAV96gRKcZohbO6ED,V1,Nhiệt độ,25.6,2024-08-19 16:24:22
TEY8OO5iafAV96gRKcZohbO6ED,V1,Nhiệt độ,26.3,2024-08-19 16:19:22
TEY8OO5iafAV96gRKcZohbO6ED,V1,Nhiệt độ,25.1,2024-08-19 16:14:22
TEY8OO5iafAV96gRKcZohbO6ED,V1,Nhiệt độ,26.3,2024-08-19 16:09:22
TEY8OO5iafAV96gRKcZohbO6ED,V1,Nhiệt độ,25.3,2024-08-19 16:04:22
TEY8OO5iafAV96gRKcZohbO6ED,V1,Nhiệt độ,25.3,2024-08-19 15:59:22
TEY8OO5iafAV96gRKcZohbO6ED,V1,Nhiệt độ,26.9,2024-08-19 15:54:22
TEY8OO5iafAV96gRKcZohbO6ED,V1,Nhiệt độ,26.9,2024-08-19 15:49:22
TEY8OO5iafAV96gRKcZohbO6ED,V1,Nhiệt độ,26.0,2024-08-19 15:44:22
TEY8OO5iafAV96gRKcZohbO6ED,V1,Nhiệt độ,26.6,2024-08-19 15:39:22
TEY8OO5iafAV96gRKcZohbO6ED,V1,Nhiệt độ,25.9,2024-08-19 15:34:22
TEY8OO5iafAV96gRKcZohbO6ED,V1,Nhiệt độ,25.6,2024-08-19 15:29:22
TEY8OO5iafAV96gRKcZohbO6ED,V1,Nhiệt độ,26.6,2024-08-19 15:24:22
TEY8OO5iafAV96gRKcZohbO6ED,V1,Nhiệt độ,25.5,2024-08-19 15:19:22
TEY8OO5iafAV96gRKcZohbO6ED,V1,Nhiệt độ,25.1,2024-08-19 15:14:22
TEY8OO5iafAV96gRKcZohbO6ED,V1,Nhiệt độ,25.2,2024-08-19 15:09:22
TEY8OO5iafAV96gRKcZohbO6ED,V1,Nhiệt độ,25.2,2024-08-19 15:04:22
TEY8OO5iafAV96gRKcZohbO6ED,V1,Nhiệt độ,26.4,2024-08-19 14:59:22
TEY8OO5iafAV96gRKcZohbO6ED,V1,Nhiệt độ,26.5,2024-08-19 14:54:22
TEY8OO5iafAV96gRKcZohbO6ED,V1,Nhiệt độ,26.0,2024-08-19 14:49:22
TEY8OO5iafAV96gRKcZohbO6ED,V1,Nhiệt độ,25.3,2024-08-19 14:44:22
TEY8OO5iafAV96gRKcZohbO6ED,V1,Nhiệt độ,26.6,2024-08-19 14:39:22
